course,outcome,relativeFolder,fileName,extension,dropboxPath,previewUrl,status
01_WebsiteDev,(02_docs直下),.,MiniProject.zip,.zip,/junsan-info/01_WebsiteDev/02_docs/MiniProject.zip,https://www.dropbox.com/scl/fi/ixeg2crdjljr1k1pb0hxw/MiniProject.zip?rlkey=40c2eo3nqb11dfsqfxe4ydcum&dl=0,ok
01_WebsiteDev,Learning outcome1 Apply keyboard skills,Learning outcome1 Apply keyboard skills,Apply Keyboard Skills.pptx,.pptx,/junsan-info/01_WebsiteDev/02_docs/Learning outcome1 Apply keyboard skills/Apply Keyboard Skills.pptx,https://www.dropbox.com/scl/fi/e9yoaxg8b91at76spp9d1/Apply-Keyboard-Skills.pptx?rlkey=wsh6ikusjxpdrmxnv2fgq9h9u&dl=0,ok
01_WebsiteDev,Learning outcome2 Create web structures,Learning outcome2 Create web structures/1_Definition of general key terms,1_Definition of general key terms.pptx,.pptx,/junsan-info/01_WebsiteDev/02_docs/Learning outcome2 Create web structures/1_Definition of general key terms/1_Definition of general key terms.pptx,https://www.dropbox.com/scl/fi/3q32dcnfuqftle949ivsb/1_Definition-of-general-key-terms.pptx?rlkey=wz21wzg6bh9r0ptmn0v7zw4sk&dl=0,ok
01_WebsiteDev,Learning outcome2 Create web structures,Learning outcome2 Create web structures/2_Setting up of text editor and web browser,2_Setting up of text editor and web browser.pptx,.pptx,/junsan-info/01_WebsiteDev/02_docs/Learning outcome2 Create web structures/2_Setting up of text editor and web browser/2_Setting up of text editor and web browser.pptx,https://www.dropbox.com/scl/fi/21nqo5dojogh139znf2xr/2_Setting-up-of-text-editor-and-web-browser.pptx?rlkey=spnuv59kjei2mr69faq4ol1x7&dl=0,ok
01_WebsiteDev,Learning outcome2 Create web structures,Learning outcome2 Create web structures/3_Creating a Web Page in HTML,3_1_Developing First Simple Webpage.pptx,.pptx,/junsan-info/01_WebsiteDev/02_docs/Learning outcome2 Create web structures/3_Creating a Web Page in HTML/3_1_Developing First Simple Webpage.pptx,https://www.dropbox.com/scl/fi/u1suuyse5ob3r2yog0ewz/3_1_Developing-First-Simple-Webpage.pptx?rlkey=zrczugli756d2kr1l5seg4gj5&dl=0,ok
01_WebsiteDev,Learning outcome2 Create web structures,Learning outcome2 Create web structures/3_Creating a Web Page in HTML,"3_2_Formatting, Table, Form Tags.pptx",.pptx,"/junsan-info/01_WebsiteDev/02_docs/Learning outcome2 Create web structures/3_Creating a Web Page in HTML/3_2_Formatting, Table, Form Tags.pptx",https://www.dropbox.com/scl/fi/2y5awvahihqfvlz8u7xvn/3_2_Formatting-Table-Form-Tags.pptx?rlkey=zhg6ioq9gcfjqosjsmvss60uq&dl=0,ok
01_WebsiteDev,Learning outcome2 Create web structures,Learning outcome2 Create web structures/3_Creating a Web Page in HTML,"3_3_Heading, List tags.pptx",.pptx,"/junsan-info/01_WebsiteDev/02_docs/Learning outcome2 Create web structures/3_Creating a Web Page in HTML/3_3_Heading, List tags.pptx",https://www.dropbox.com/scl/fi/p789tsk5y0p8r3sgvmfql/3_3_Heading-List-tags.pptx?rlkey=mbxio2p53i5w8ru5lsc62r9hj&dl=0,ok
01_WebsiteDev,Learning outcome2 Create web structures,Learning outcome2 Create web structures/3_Creating a Web Page in HTML,3_4_Media Code tags.pptx,.pptx,/junsan-info/01_WebsiteDev/02_docs/Learning outcome2 Create web structures/3_Creating a Web Page in HTML/3_4_Media Code tags.pptx,https://www.dropbox.com/scl/fi/zbybb02lo8m8zg8xm85dm/3_4_Media-Code-tags.pptx?rlkey=rnc2b8ejjgtlp7y9s18ey8uvj&dl=0,ok
01_WebsiteDev,Learning outcome2 Create web structures,Learning outcome2 Create web structures/3_Creating a Web Page in HTML,3_5_iframe Comment Groupung tags.pptx,.pptx,/junsan-info/01_WebsiteDev/02_docs/Learning outcome2 Create web structures/3_Creating a Web Page in HTML/3_5_iframe Comment Groupung tags.pptx,https://www.dropbox.com/scl/fi/f0usxgr83kwb8wfo3ngal/3_5_iframe-Comment-Groupung-tags.pptx?rlkey=fkcn5ratc2g7qa04gs3goyigp&dl=0,ok
01_WebsiteDev,Learning outcome2 Create web structures,Learning outcome2 Create web structures/3_Creating a Web Page in HTML,3_6_hyperlink.pptx,.pptx,/junsan-info/01_WebsiteDev/02_docs/Learning outcome2 Create web structures/3_Creating a Web Page in HTML/3_6_hyperlink.pptx,https://www.dropbox.com/scl/fi/l60ik99qsgy8kkazvxrgm/3_6_hyperlink.pptx?rlkey=c10z94fnwlsow1lc9nu69f0uj&dl=0,ok
01_WebsiteDev,Learning outcome2 Create web structures,Learning outcome2 Create web structures/3_Creating a Web Page in HTML,3_7_Use of HTML Graphics.pptx,.pptx,/junsan-info/01_WebsiteDev/02_docs/Learning outcome2 Create web structures/3_Creating a Web Page in HTML/3_7_Use of HTML Graphics.pptx,https://www.dropbox.com/scl/fi/zhsgxalz4ojam3i4jv5oh/3_7_Use-of-HTML-Graphics.pptx?rlkey=r6l73fpmnrgoctwwm61fg5dwl&dl=0,ok
01_WebsiteDev,Learning outcome2 Create web structures,Learning outcome2 Create web structures/3_Creating a Web Page in HTML,3_8_Managing Page Layout in HTML.pptx,.pptx,/junsan-info/01_WebsiteDev/02_docs/Learning outcome2 Create web structures/3_Creating a Web Page in HTML/3_8_Managing Page Layout in HTML.pptx,https://www.dropbox.com/scl/fi/xt9mjwtvye7xqdyqx9zvx/3_8_Managing-Page-Layout-in-HTML.pptx?rlkey=fjjmqgagbryoha1wh6t4n4h2r&dl=0,ok
01_WebsiteDev,Learning outcome2 Create web structures,Learning outcome2 Create web structures/3_Creating a Web Page in HTML,3_9_Optimizing Webpage in HTML - Copy.pptx,.pptx,/junsan-info/01_WebsiteDev/02_docs/Learning outcome2 Create web structures/3_Creating a Web Page in HTML/3_9_Optimizing Webpage in HTML - Copy.pptx,https://www.dropbox.com/scl/fi/mih7pugo6dfhx9ru5n7u2/3_9_Optimizing-Webpage-in-HTML-Copy.pptx?rlkey=s4j45jkwdi4dwp7bixvm912op&dl=0,ok
01_WebsiteDev,Learning outcome2 Create web structures,Learning outcome2 Create web structures/3_Creating a Web Page in HTML,MiniProject.pptx,.pptx,/junsan-info/01_WebsiteDev/02_docs/Learning outcome2 Create web structures/3_Creating a Web Page in HTML/MiniProject.pptx,https://www.dropbox.com/scl/fi/dmmzon9cp2axyfjvt7pcv/MiniProject.pptx?rlkey=v7qxexyfvh4rfhka8o4ey5kkj&dl=0,ok
01_WebsiteDev,Learning outcome2 Create web structures,Learning outcome2 Create web structures,Quiz.pptx,.pptx,/junsan-info/01_WebsiteDev/02_docs/Learning outcome2 Create web structures/Quiz.pptx,https://www.dropbox.com/scl/fi/ta9ytpx7sr0amvs1rukb1/Quiz.pptx?rlkey=cfhy51o6gfgqq24gd95hasjgu&dl=0,ok
01_WebsiteDev,Learning outcome3 Style web elements,Learning outcome3 Style web elements/2_Creating CSS files,1_CSS syntax & Use of CSS style types.pptx,.pptx,/junsan-info/01_WebsiteDev/02_docs/Learning outcome3 Style web elements/2_Creating CSS files/1_CSS syntax & Use of CSS style types.pptx,https://www.dropbox.com/scl/fi/etfo3i66411yqv2h354oq/1_CSS-syntax-Use-of-CSS-style-types.pptx?rlkey=m8lnpr1v1lgfi7sro7t8vo5zc&dl=0,ok
01_WebsiteDev,Learning outcome3 Style web elements,Learning outcome3 Style web elements/1_Introduction to CSS,1_Introduction to CSS.pptx,.pptx,/junsan-info/01_WebsiteDev/02_docs/Learning outcome3 Style web elements/1_Introduction to CSS/1_Introduction to CSS.pptx,https://www.dropbox.com/scl/fi/db3281fydk94rpj6zad5a/1_Introduction-to-CSS.pptx?rlkey=qpt20fx234abqr92rlm33ngeh&dl=0,ok
01_WebsiteDev,Learning outcome3 Style web elements,Learning outcome3 Style web elements/2_Creating CSS files,2_Use CSS Visual rules.pptx,.pptx,/junsan-info/01_WebsiteDev/02_docs/Learning outcome3 Style web elements/2_Creating CSS files/2_Use CSS Visual rules.pptx,https://www.dropbox.com/scl/fi/4hrmq1gd5avabijuq847y/2_Use-CSS-Visual-rules.pptx?rlkey=hbrj7w3xkfy6327xm77wm23q3&dl=0,ok
01_WebsiteDev,Learning outcome3 Style web elements,Learning outcome3 Style web elements,3_9_Optimizing Webpage in HTML.pptx,.pptx,/junsan-info/01_WebsiteDev/02_docs/Learning outcome3 Style web elements/3_9_Optimizing Webpage in HTML.pptx,https://www.dropbox.com/scl/fi/9lug73z6m53flgs5myz67/3_9_Optimizing-Webpage-in-HTML.pptx?rlkey=nsmhvvte1zxrsqg93q5lz589a&dl=0,ok
01_WebsiteDev,Learning outcome3 Style web elements,Learning outcome3 Style web elements/2_Creating CSS files,3_Use CSS Display and positioning.pptx,.pptx,/junsan-info/01_WebsiteDev/02_docs/Learning outcome3 Style web elements/2_Creating CSS files/3_Use CSS Display and positioning.pptx,https://www.dropbox.com/scl/fi/d1xkbolz3rw3rkdw6mik5/3_Use-CSS-Display-and-positioning.pptx?rlkey=nyc28w5v92fva76c64m4as9m8&dl=0,ok
01_WebsiteDev,Learning outcome3 Style web elements,Learning outcome3 Style web elements/2_Creating CSS files,4_Use CSS Box model.pptx,.pptx,/junsan-info/01_WebsiteDev/02_docs/Learning outcome3 Style web elements/2_Creating CSS files/4_Use CSS Box model.pptx,https://www.dropbox.com/scl/fi/9ukv8iuw7bqxp93yuu4cx/4_Use-CSS-Box-model.pptx?rlkey=ohzb6pq4cf9qlmtk1762a5tdv&dl=0,ok
01_WebsiteDev,Learning outcome3 Style web elements,Learning outcome3 Style web elements/5_flex&grid,5_flex&grid.pptx,.pptx,/junsan-info/01_WebsiteDev/02_docs/Learning outcome3 Style web elements/5_flex&grid/5_flex&grid.pptx,https://www.dropbox.com/scl/fi/kqdccaishf1jci1lsjht9/5_flex-grid.pptx?rlkey=gxuxnbg8908b33xtpxbj5oclk&dl=0,ok
01_WebsiteDev,Learning outcome3 Style web elements,Learning outcome3 Style web elements/3_Applying Typography on webpage,Applying Typography on webpage.pptx,.pptx,/junsan-info/01_WebsiteDev/02_docs/Learning outcome3 Style web elements/3_Applying Typography on webpage/Applying Typography on webpage.pptx,https://www.dropbox.com/scl/fi/pmu2ktg01l2arjtpax3di/Applying-Typography-on-webpage.pptx?rlkey=mkoe960ivj1d5y1sx9iq8h36w&dl=0,ok
01_WebsiteDev,Learning outcome3 Style web elements,Learning outcome3 Style web elements/6_animation,CSS Child Selectors.pptx,.pptx,/junsan-info/01_WebsiteDev/02_docs/Learning outcome3 Style web elements/6_animation/CSS Child Selectors.pptx,https://www.dropbox.com/scl/fi/v6n1urupuejfof2qnkrv7/CSS-Child-Selectors.pptx?rlkey=8jl7p16m0h942vnjhk83pe50d&dl=0,ok
01_WebsiteDev,Learning outcome3 Style web elements,Learning outcome3 Style web elements/6_animation,CSS Hover Animation.pptx,.pptx,/junsan-info/01_WebsiteDev/02_docs/Learning outcome3 Style web elements/6_animation/CSS Hover Animation.pptx,https://www.dropbox.com/scl/fi/6ied36u8px2bvtum4qtyd/CSS-Hover-Animation.pptx?rlkey=3oqancb47v9gze7p9nglt85r5&dl=0,ok
01_WebsiteDev,Learning outcome3 Style web elements,Learning outcome3 Style web elements/4_Setting media query rules,Setting media query rules.pptx,.pptx,/junsan-info/01_WebsiteDev/02_docs/Learning outcome3 Style web elements/4_Setting media query rules/Setting media query rules.pptx,https://www.dropbox.com/scl/fi/4gts893lljzit2xcu3jsz/Setting-media-query-rules.pptx?rlkey=8kkwxb4v56rn5x6xkien4fyii&dl=0,ok
01_WebsiteDev,MiniProject,MiniProject/form2nd withoutCSS,_C__Users_river_Downloads_test.html.png,.png,/junsan-info/01_WebsiteDev/02_docs/MiniProject/form2nd withoutCSS/_C__Users_river_Downloads_test.html.png,https://www.dropbox.com/scl/fi/d7iz7mpfx8ajq2w3zyu5q/_C__Users_river_Downloads_test.html.png?rlkey=fgk97wks2j9b5q46w9y9m1xkc&dl=0,ok
01_WebsiteDev,MiniProject,MiniProject/css2,_C__Users_river_Downloads_test.html.png,.png,/junsan-info/01_WebsiteDev/02_docs/MiniProject/css2/_C__Users_river_Downloads_test.html.png,https://www.dropbox.com/scl/fi/a1597rcrjdumubr0e113c/_C__Users_river_Downloads_test.html.png?rlkey=abywlljvnp2sdyqw0rufd67g1&dl=0,ok
01_WebsiteDev,MiniProject,MiniProject/html,_C__Users_river_Downloads_test.html.png,.png,/junsan-info/01_WebsiteDev/02_docs/MiniProject/html/_C__Users_river_Downloads_test.html.png,https://www.dropbox.com/scl/fi/p6kxdtj0o8ngsur0czkfg/_C__Users_river_Downloads_test.html.png?rlkey=kif0q92prtrwppva69oxdsy9g&dl=0,ok
01_WebsiteDev,MiniProject,MiniProject/form1st withoutCSS,_C__Users_river_Downloads_test.html.png,.png,/junsan-info/01_WebsiteDev/02_docs/MiniProject/form1st withoutCSS/_C__Users_river_Downloads_test.html.png,https://www.dropbox.com/scl/fi/740nqaznwkf2gncnwj2ca/_C__Users_river_Downloads_test.html.png?rlkey=o4i0jcbwn9tqge4fgt87y5gpd&dl=0,ok
01_WebsiteDev,MiniProject,MiniProject/css1,_C__Users_river_Downloads_test.html.png,.png,/junsan-info/01_WebsiteDev/02_docs/MiniProject/css1/_C__Users_river_Downloads_test.html.png,https://www.dropbox.com/scl/fi/5e6unfmqz2qqz0u9iryjm/_C__Users_river_Downloads_test.html.png?rlkey=m6qkcgjpwiofwf1lhg7ycf20q&dl=0,ok
01_WebsiteDev,MiniProject,MiniProject/form2nd withoutCSS,req.pptx,.pptx,/junsan-info/01_WebsiteDev/02_docs/MiniProject/form2nd withoutCSS/req.pptx,https://www.dropbox.com/scl/fi/5cj0rxe6vv6njrwrk3wlo/req.pptx?rlkey=rhjt6ud8qjz2cphxn5e7plloq&dl=0,ok
01_WebsiteDev,MiniProject,MiniProject/css2,req.pptx,.pptx,/junsan-info/01_WebsiteDev/02_docs/MiniProject/css2/req.pptx,https://www.dropbox.com/scl/fi/ubbp2d0puwgqhq3sj91su/req.pptx?rlkey=l2a7kp1fa2pd4l7wiby0pk8we&dl=0,ok
01_WebsiteDev,MiniProject,MiniProject/html,req.pptx,.pptx,/junsan-info/01_WebsiteDev/02_docs/MiniProject/html/req.pptx,https://www.dropbox.com/scl/fi/plkkshsedp6ebtotydzmb/req.pptx?rlkey=8vapt4pqjedl9e5j4p5wwylbo&dl=0,ok
01_WebsiteDev,MiniProject,MiniProject/css1,req.pptx,.pptx,/junsan-info/01_WebsiteDev/02_docs/MiniProject/css1/req.pptx,https://www.dropbox.com/scl/fi/x9l57nussqblg29wa94zo/req.pptx?rlkey=61eeblyhkzkrt4434skjp0zdl&dl=0,ok
01_WebsiteDev,MiniProject,MiniProject/form1st withoutCSS,req.pptx,.pptx,/junsan-info/01_WebsiteDev/02_docs/MiniProject/form1st withoutCSS/req.pptx,https://www.dropbox.com/scl/fi/tn3s03kbdosic87jdyidc/req.pptx?rlkey=ky1l5wiv9nl4koolgiqn1ssaf&dl=0,ok
01_WebsiteDev,MiniProject,MiniProject/css2,style.css,.css,/junsan-info/01_WebsiteDev/02_docs/MiniProject/css2/style.css,https://www.dropbox.com/scl/fi/cthimct8ht03h3uhbo6ti/style.css?rlkey=z4sgjazggoqghff9zwqzrjot0&dl=0,ok
01_WebsiteDev,MiniProject,MiniProject/css1,style.css,.css,/junsan-info/01_WebsiteDev/02_docs/MiniProject/css1/style.css,https://www.dropbox.com/scl/fi/zhxq20ewj42s138xlvz8l/style.css?rlkey=y1x2ktg90i7hwr5xmbszkvb6h&dl=0,ok
01_WebsiteDev,MiniProject,MiniProject/css2,test.html,.html,/junsan-info/01_WebsiteDev/02_docs/MiniProject/css2/test.html,https://www.dropbox.com/scl/fi/frqbs4ibljuplrxo5l6aa/test.html?rlkey=4x7kpgvi5yqwvsmsdd3uiwvxl&dl=0,ok
01_WebsiteDev,MiniProject,MiniProject/form2nd withoutCSS,test.html,.html,/junsan-info/01_WebsiteDev/02_docs/MiniProject/form2nd withoutCSS/test.html,https://www.dropbox.com/scl/fi/gnfaa2k7asgrlr6c1ff51/test.html?rlkey=hz8c369vjw0hw6zosx7lu5a9k&dl=0,ok
01_WebsiteDev,MiniProject,MiniProject/html,test.html,.html,/junsan-info/01_WebsiteDev/02_docs/MiniProject/html/test.html,https://www.dropbox.com/scl/fi/eavdzzeh1n8iyegu8nhzc/test.html?rlkey=gv2f7imb884wzhlvpkhr1s5aw&dl=0,ok
01_WebsiteDev,MiniProject,MiniProject/css1,test.html,.html,/junsan-info/01_WebsiteDev/02_docs/MiniProject/css1/test.html,https://www.dropbox.com/scl/fi/phyzelfr5f7gfg5sriz4e/test.html?rlkey=iwvrqfzxg5t54qq2bugpzr045&dl=0,ok
01_WebsiteDev,MiniProject,MiniProject/form1st withoutCSS,test.html,.html,/junsan-info/01_WebsiteDev/02_docs/MiniProject/form1st withoutCSS/test.html,https://www.dropbox.com/scl/fi/d55wpdr1dd9vzjtojqddh/test.html?rlkey=6g7bil1py4rfm54z68p5m9ri5&dl=0,ok
02_JavaScript,_old,_old/100_withoutComputer,【Answer】Find the error index.docx,.docx,/junsan-info/02_JavaScript/02_docs/_old/100_withoutComputer/【Answer】Find the error index.docx,https://www.dropbox.com/scl/fi/6fr50yp1k19z3phmq33tc/Answer-Find-the-error-index.docx?rlkey=a74i3trvhh396e47fakfua5h5&dl=0,ok
02_JavaScript,_old,_old/1_Introduction,00_intro.pptx,.pptx,/junsan-info/02_JavaScript/02_docs/_old/1_Introduction/00_intro.pptx,https://www.dropbox.com/scl/fi/tycez9rhl0p0cgb3yvcug/00_intro.pptx?rlkey=1q5bnl8dsflvzmeepmd6ltbj9&dl=0,ok
02_JavaScript,_old,_old/1_Introduction,01_WhatcanJavaScriptdo.pptx,.pptx,/junsan-info/02_JavaScript/02_docs/_old/1_Introduction/01_WhatcanJavaScriptdo.pptx,https://www.dropbox.com/scl/fi/z6m344tnmtitmi2n82e53/01_WhatcanJavaScriptdo.pptx?rlkey=luh958zgpmuhbt4ea8rczu9rb&dl=0,ok
02_JavaScript,_old,_old/1_Introduction,02_Where to Insert JavaScript.pptx,.pptx,/junsan-info/02_JavaScript/02_docs/_old/1_Introduction/02_Where to Insert JavaScript.pptx,https://www.dropbox.com/scl/fi/povorfmc39pfrzu655pev/02_Where-to-Insert-JavaScript.pptx?rlkey=myn6fks7i5vhavxbt4muurddx&dl=0,ok
02_JavaScript,_old,_old/1_Introduction,03_JavaScript Output.pptx,.pptx,/junsan-info/02_JavaScript/02_docs/_old/1_Introduction/03_JavaScript Output.pptx,https://www.dropbox.com/scl/fi/rxgsncmoer4mvq8zcghiv/03_JavaScript-Output.pptx?rlkey=jgf78u3evfb0lgis200xofghr&dl=0,ok
02_JavaScript,_old,_old/2_BasicRule,04_JavaScript Statements.pptx,.pptx,/junsan-info/02_JavaScript/02_docs/_old/2_BasicRule/04_JavaScript Statements.pptx,https://www.dropbox.com/scl/fi/d1ul4nc5xtmhgpb5rm5jl/04_JavaScript-Statements.pptx?rlkey=y98v0hz1514nk68uhdbco7p19&dl=0,ok
02_JavaScript,_old,_old/4_Strings&Numbers,4.1_JavaScript Strings.pptx,.pptx,/junsan-info/02_JavaScript/02_docs/_old/4_Strings&Numbers/4.1_JavaScript Strings.pptx,https://www.dropbox.com/scl/fi/8ws4m5o4tc7d4fw4y5uw7/4.1_JavaScript-Strings.pptx?rlkey=aefcrrqhio7tfy5n3qlixaens&dl=0,ok
02_JavaScript,_old,_old/4_Strings&Numbers,4.2_Numbers.pptx,.pptx,/junsan-info/02_JavaScript/02_docs/_old/4_Strings&Numbers/4.2_Numbers.pptx,https://www.dropbox.com/scl/fi/49oplwebfw38njiguwfnz/4.2_Numbers.pptx?rlkey=wmu499giy6ljdc3k9lpmsjly1&dl=0,ok
02_JavaScript,_old,_old/2_BasicRule,05_JavaScript Syntax.pptx,.pptx,/junsan-info/02_JavaScript/02_docs/_old/2_BasicRule/05_JavaScript Syntax.pptx,https://www.dropbox.com/scl/fi/3n31z1togdrx4w8mkw32m/05_JavaScript-Syntax.pptx?rlkey=mmdbsze841gyqu4x219w0zsl7&dl=0,ok
02_JavaScript,_old,_old/3_Variables,06_variables.pptx,.pptx,/junsan-info/02_JavaScript/02_docs/_old/3_Variables/06_variables.pptx,https://www.dropbox.com/scl/fi/8z62xgrua46ak46x6do0a/06_variables.pptx?rlkey=oulggl48qo9fonxvhbw61e4fc&dl=0,ok
02_JavaScript,_old,_old/3_Variables,07_Datatypes.pptx,.pptx,/junsan-info/02_JavaScript/02_docs/_old/3_Variables/07_Datatypes.pptx,https://www.dropbox.com/scl/fi/syo4run2eres3ex57wkw8/07_Datatypes.pptx?rlkey=m1a5eolgwj6z0tb2wlgj8wv3m&dl=0,ok
02_JavaScript,_old,_old/5_Operators,08_Use of operators in Javascript.pptx,.pptx,/junsan-info/02_JavaScript/02_docs/_old/5_Operators/08_Use of operators in Javascript.pptx,https://www.dropbox.com/scl/fi/cjvsm1ujyqayjtfcve0u2/08_Use-of-operators-in-Javascript.pptx?rlkey=bz8d5gdsg342kdtvn2jchty2t&dl=0,ok
02_JavaScript,_old,_old/7_Template Strings,8.1_Template Strings.pptx,.pptx,/junsan-info/02_JavaScript/02_docs/_old/7_Template Strings/8.1_Template Strings.pptx,https://www.dropbox.com/scl/fi/ru5kklq3s27cw0dqgq0dk/8.1_Template-Strings.pptx?rlkey=s76vbl1o0p9nezn9jlnu537ze&dl=0,ok
02_JavaScript,_old,_old/9_if Statements,10_Conditional Statements.pptx,.pptx,/junsan-info/02_JavaScript/02_docs/_old/9_if Statements/10_Conditional Statements.pptx,https://www.dropbox.com/scl/fi/5f3p7ffawric3od7nzhmk/10_Conditional-Statements.pptx?rlkey=rcmy2atkhlgu0n25d45gky48y&dl=0,ok
02_JavaScript,_old,_old/10_loop,10.The loop functions.pptx,.pptx,/junsan-info/02_JavaScript/02_docs/_old/10_loop/10.The loop functions.pptx,https://www.dropbox.com/scl/fi/g3zgyjde81nvtmxhivpep/10.The-loop-functions.pptx?rlkey=xf5rzkwjy8a8sk50i21bkkzba&dl=0,ok
02_JavaScript,_old,_old/12_slideshow,11_1.pptx,.pptx,/junsan-info/02_JavaScript/02_docs/_old/12_slideshow/11_1.pptx,https://www.dropbox.com/scl/fi/hxm8n4r36919qtnsx2196/11_1.pptx?rlkey=gj7yfy1u9awedxk949611q81i&dl=0,ok
02_JavaScript,_old,_old/13_Regular Expressions,11_1.pptx,.pptx,/junsan-info/02_JavaScript/02_docs/_old/13_Regular Expressions/11_1.pptx,https://www.dropbox.com/scl/fi/1wg9lxjox5d90uwwjeq38/11_1.pptx?rlkey=vme1y4kwdnbfxtk9xy304j19x&dl=0,ok
02_JavaScript,_old,_old/14_Types of Errors in JavaScript,11_1.pptx,.pptx,/junsan-info/02_JavaScript/02_docs/_old/14_Types of Errors in JavaScript/11_1.pptx,https://www.dropbox.com/scl/fi/s79whghsm6aa2lume2x38/11_1.pptx?rlkey=3f0ygkrxeujmrc5sru156l59w&dl=0,ok
02_JavaScript,_old,_old/11_animation,11_1.pptx,.pptx,/junsan-info/02_JavaScript/02_docs/_old/11_animation/11_1.pptx,https://www.dropbox.com/scl/fi/u3jldkp9y8lu3lvb9v83w/11_1.pptx?rlkey=oolyo4gdflcww4ftawb0sdjv5&dl=0,ok
02_JavaScript,_old,_old/8_functions,11_events.pptx,.pptx,/junsan-info/02_JavaScript/02_docs/_old/8_functions/11_events.pptx,https://www.dropbox.com/scl/fi/slh64nnq9jom0x89b2pgf/11_events.pptx?rlkey=32qbkkho8sc3jsf5dwzcgnrni&dl=0,ok
02_JavaScript,_old,_old/9_if Statements,11_switch.pptx,.pptx,/junsan-info/02_JavaScript/02_docs/_old/9_if Statements/11_switch.pptx,https://www.dropbox.com/scl/fi/erx6hd58an1aatywlotan/11_switch.pptx?rlkey=nqkv8ig4mqlq21metjbuzs549&dl=0,ok
02_JavaScript,_old,_old/10_loop,11.The loop with Array.pptx,.pptx,/junsan-info/02_JavaScript/02_docs/_old/10_loop/11.The loop with Array.pptx,https://www.dropbox.com/scl/fi/m65o8oji18o4d59eriu3s/11.The-loop-with-Array.pptx?rlkey=lairsq7xx3bjhrgxue9r1e90l&dl=0,ok
02_JavaScript,_old,_old/8_functions,12_function.pptx,.pptx,/junsan-info/02_JavaScript/02_docs/_old/8_functions/12_function.pptx,https://www.dropbox.com/scl/fi/dxy1ae8jg0xn852ieobfk/12_function.pptx?rlkey=68bv6r8rnsan6g1c30gzw64oh&dl=0,ok
02_JavaScript,_old,_old/10_loop,12.The map with Array.pptx,.pptx,/junsan-info/02_JavaScript/02_docs/_old/10_loop/12.The map with Array.pptx,https://www.dropbox.com/scl/fi/smshv76r0lrtyxpkcsapq/12.The-map-with-Array.pptx?rlkey=5xmvwsvvwzxv3ai8ek2kzxl9h&dl=0,ok
02_JavaScript,_old,_old/8_functions,13_ appl_bind.pptx,.pptx,/junsan-info/02_JavaScript/02_docs/_old/8_functions/13_ appl_bind.pptx,https://www.dropbox.com/scl/fi/44faw9kvpxtmjt74t6y5r/13_-appl_bind.pptx?rlkey=jslidoh20k26aeaimfy4vu3sa&dl=0,ok
02_JavaScript,_old,_old/8_functions,14_aync.pptx,.pptx,/junsan-info/02_JavaScript/02_docs/_old/8_functions/14_aync.pptx,https://www.dropbox.com/scl/fi/2sq2bs6bfcuj29wbxdtvy/14_aync.pptx?rlkey=jn6m8rbs0rfvtqdljryerjn6f&dl=0,ok
02_JavaScript,_old,_old/6_Objects&Arrays,16_JavaScript Objects.pptx,.pptx,/junsan-info/02_JavaScript/02_docs/_old/6_Objects&Arrays/16_JavaScript Objects.pptx,https://www.dropbox.com/scl/fi/996o0rxet8ppbemeu4ags/16_JavaScript-Objects.pptx?rlkey=ye165wd58yj51u9xd84luvqzw&dl=0,ok
02_JavaScript,_old,_old/6_Objects&Arrays,17_JavaScript Object Properties.pptx,.pptx,/junsan-info/02_JavaScript/02_docs/_old/6_Objects&Arrays/17_JavaScript Object Properties.pptx,https://www.dropbox.com/scl/fi/wv7aru97vqxzwrvrkqzjd/17_JavaScript-Object-Properties.pptx?rlkey=7289ba6240sn8gvnxbcqwga62&dl=0,ok
02_JavaScript,_old,_old/6_Objects&Arrays,18_JavaScript Display Objects.pptx,.pptx,/junsan-info/02_JavaScript/02_docs/_old/6_Objects&Arrays/18_JavaScript Display Objects.pptx,https://www.dropbox.com/scl/fi/z7ppxfivf0jkdroapag2f/18_JavaScript-Display-Objects.pptx?rlkey=s61m4pke8sv6px8454vya91av&dl=0,ok
02_JavaScript,_old,_old/6_Objects&Arrays,19_Array.pptx,.pptx,/junsan-info/02_JavaScript/02_docs/_old/6_Objects&Arrays/19_Array.pptx,https://www.dropbox.com/scl/fi/uvfmpx8ppzh1ubycizs9v/19_Array.pptx?rlkey=1gowsi2txcmfh47hrglx70j73&dl=0,ok
02_JavaScript,_old,_old/6_Objects&Arrays,20_Array02.pptx,.pptx,/junsan-info/02_JavaScript/02_docs/_old/6_Objects&Arrays/20_Array02.pptx,https://www.dropbox.com/scl/fi/gjbpt56gwhp14safbm1vf/20_Array02.pptx?rlkey=i78t7cdqk7cfbf70cpkdvry60&dl=0,ok
02_JavaScript,_old,_old/100_withoutComputer,Find the error index - Copy.docx,.docx,/junsan-info/02_JavaScript/02_docs/_old/100_withoutComputer/Find the error index - Copy.docx,https://www.dropbox.com/scl/fi/99xjqwz82l5nv92xpcy29/Find-the-error-index-Copy.docx?rlkey=ntxynt563k8p6ffd872d7ujvp&dl=0,ok
02_JavaScript,_old,_old/100_withoutComputer,Find the error index.docx,.docx,/junsan-info/02_JavaScript/02_docs/_old/100_withoutComputer/Find the error index.docx,https://www.dropbox.com/scl/fi/gzwoljyslsp6utdmcai2o/Find-the-error-index.docx?rlkey=92c6zyfm5c4oly9fg3u0mp4vr&dl=0,ok
02_JavaScript,_old,_old/4_Strings&Numbers,JavaScript String Methods.pptx,.pptx,/junsan-info/02_JavaScript/02_docs/_old/4_Strings&Numbers/JavaScript String Methods.pptx,https://www.dropbox.com/scl/fi/tu944z41zuphw80a19iny/JavaScript-String-Methods.pptx?rlkey=q89vv7s2yb18hdnxgvspucv81&dl=0,ok
02_JavaScript,_old,_old/100_withoutComputer,Quiz wrap up.pptx,.pptx,/junsan-info/02_JavaScript/02_docs/_old/100_withoutComputer/Quiz wrap up.pptx,https://www.dropbox.com/scl/fi/ypkj0bk77xooztkaxdokz/Quiz-wrap-up.pptx?rlkey=w5866p7ps855i1nik7f2h5aok&dl=0,ok
02_JavaScript,_old,_old/100_withoutComputer,Quiz.pptx,.pptx,/junsan-info/02_JavaScript/02_docs/_old/100_withoutComputer/Quiz.pptx,https://www.dropbox.com/scl/fi/ucbrb9l64248ezd0ncb5t/Quiz.pptx?rlkey=ogddtorg6do8jl8ano5om0et7&dl=0,ok
02_JavaScript,_old,_old/11_animation,Simple animations in js.docx,.docx,/junsan-info/02_JavaScript/02_docs/_old/11_animation/Simple animations in js.docx,https://www.dropbox.com/scl/fi/39t93h0r3jy38x3f6tzxh/Simple-animations-in-js.docx?rlkey=t0a8son4o57jhhadkxevqcubu&dl=0,ok
02_JavaScript,(02_docs直下),.,group worl.docx,.docx,/junsan-info/02_JavaScript/02_docs/group worl.docx,https://www.dropbox.com/scl/fi/gowrsjwb4dc01rigenid5/group-worl.docx?rlkey=ipo029htp2ert25v1oj3v5l4f&dl=0,ok
02_JavaScript,(02_docs直下),.,group worl.pdf,.pdf,/junsan-info/02_JavaScript/02_docs/group worl.pdf,https://www.dropbox.com/scl/fi/qkacntdytzznrrb2wssol/group-worl.pdf?rlkey=dunj0hf1cb12hf7nr775uo9o7&dl=0,ok
02_JavaScript,(02_docs直下),.,js summary.docx,.docx,/junsan-info/02_JavaScript/02_docs/js summary.docx,https://www.dropbox.com/scl/fi/ma71cnrupuoxkuy63tk2v/js-summary.docx?rlkey=oiscrk1fwqn2eqm6wzcvr6vqt&dl=0,ok
02_JavaScript,(02_docs直下),.,js summary.pdf,.pdf,/junsan-info/02_JavaScript/02_docs/js summary.pdf,https://www.dropbox.com/scl/fi/n4tw5d771pii2sl5izjmw/js-summary.pdf?rlkey=4959xzz4l6qgp0tjf2bil1jz4&dl=0,ok
02_JavaScript,(02_docs直下),.,黒板エクササイズ.pptx,.pptx,/junsan-info/02_JavaScript/02_docs/黒板エクササイズ.pptx,https://www.dropbox.com/scl/fi/t7ovya9wngyckf91cligq/.pptx?rlkey=b9znbwtkhbh529lt18ujb4thw&dl=0,ok
02_JavaScript,outcome1 Apply JavaScript Basic Concepts,outcome1 Apply JavaScript Basic Concepts,1_Introduction to JavaScript.pptx,.pptx,/junsan-info/02_JavaScript/02_docs/outcome1 Apply JavaScript Basic Concepts/1_Introduction to JavaScript.pptx,https://www.dropbox.com/scl/fi/ti25gsyn6lwtzzycpmr6h/1_Introduction-to-JavaScript.pptx?rlkey=psi4hzkbp63emage4kp4mxi1l&dl=0,ok
02_JavaScript,outcome1 Apply JavaScript Basic Concepts,outcome1 Apply JavaScript Basic Concepts,2_JAVASCRIPT key concepts.pptx,.pptx,/junsan-info/02_JavaScript/02_docs/outcome1 Apply JavaScript Basic Concepts/2_JAVASCRIPT key concepts.pptx,https://www.dropbox.com/scl/fi/eja14r3dup3ya1xzljoc8/2_JAVASCRIPT-key-concepts.pptx?rlkey=xm4r0fau4sspcp694cxk4hb6y&dl=0,ok
02_JavaScript,outcome1 Apply JavaScript Basic Concepts,outcome1 Apply JavaScript Basic Concepts,3_JavaScript libraries & frameworks.pptx,.pptx,/junsan-info/02_JavaScript/02_docs/outcome1 Apply JavaScript Basic Concepts/3_JavaScript libraries & frameworks.pptx,https://www.dropbox.com/scl/fi/v6r6w2ou4cahgb70myiwt/3_JavaScript-libraries-frameworks.pptx?rlkey=tn0tmfonn4piz567ntnqiuxac&dl=0,ok
02_JavaScript,outcome1 Apply JavaScript Basic Concepts,outcome1 Apply JavaScript Basic Concepts,4_ Integration of JavaScript into HTML.pptx,.pptx,/junsan-info/02_JavaScript/02_docs/outcome1 Apply JavaScript Basic Concepts/4_ Integration of JavaScript into HTML.pptx,https://www.dropbox.com/scl/fi/bgac6oorncork5harng6l/4_-Integration-of-JavaScript-into-HTML.pptx?rlkey=o7uha348acv3z7g9eal0jbwvs&dl=0,ok
02_JavaScript,outcome1 Apply JavaScript Basic Concepts,outcome1 Apply JavaScript Basic Concepts,5_Use of Variables in JavaScript.pptx,.pptx,/junsan-info/02_JavaScript/02_docs/outcome1 Apply JavaScript Basic Concepts/5_Use of Variables in JavaScript.pptx,https://www.dropbox.com/scl/fi/8648p4bp76kd9c4y5bw3n/5_Use-of-Variables-in-JavaScript.pptx?rlkey=g6cbv059txpxu1bgadp62eova&dl=0,ok
02_JavaScript,outcome1 Apply JavaScript Basic Concepts,outcome1 Apply JavaScript Basic Concepts,6_Use of Data Types in JavaScript.pptx,.pptx,/junsan-info/02_JavaScript/02_docs/outcome1 Apply JavaScript Basic Concepts/6_Use of Data Types in JavaScript.pptx,https://www.dropbox.com/scl/fi/ar2aet2s41tk8s2yeaw8e/6_Use-of-Data-Types-in-JavaScript.pptx?rlkey=fsbg45lt59n0ip3hx4u233l25&dl=0,ok
02_JavaScript,outcome1 Apply JavaScript Basic Concepts,outcome1 Apply JavaScript Basic Concepts,7_Use of operators in Javascript.pptx,.pptx,/junsan-info/02_JavaScript/02_docs/outcome1 Apply JavaScript Basic Concepts/7_Use of operators in Javascript.pptx,https://www.dropbox.com/scl/fi/7vfo0cyhjzsvl93hmkvej/7_Use-of-operators-in-Javascript.pptx?rlkey=w1eja551rk8cdc0yrorvsfr80&dl=0,ok
02_JavaScript,outcome1 Apply JavaScript Basic Concepts,outcome1 Apply JavaScript Basic Concepts,8_Using string in Javascript.pptx,.pptx,/junsan-info/02_JavaScript/02_docs/outcome1 Apply JavaScript Basic Concepts/8_Using string in Javascript.pptx,https://www.dropbox.com/scl/fi/qt6es1f9j4pwgog3jfl1f/8_Using-string-in-Javascript.pptx?rlkey=tdb1ori4d4fivjteagccmvqe7&dl=0,ok
02_JavaScript,outcome1 Apply JavaScript Basic Concepts,outcome1 Apply JavaScript Basic Concepts,9_Using conditional statement.pptx,.pptx,/junsan-info/02_JavaScript/02_docs/outcome1 Apply JavaScript Basic Concepts/9_Using conditional statement.pptx,https://www.dropbox.com/scl/fi/pgeh6fav0s8otzrilcxbs/9_Using-conditional-statement.pptx?rlkey=uqibu8j8eu8ixph0h4uhv71s0&dl=0,ok
02_JavaScript,outcome1 Apply JavaScript Basic Concepts,outcome1 Apply JavaScript Basic Concepts,10_Using Loop functions in Javascript.pptx,.pptx,/junsan-info/02_JavaScript/02_docs/outcome1 Apply JavaScript Basic Concepts/10_Using Loop functions in Javascript.pptx,https://www.dropbox.com/scl/fi/wh6enlem1rdaz1qg2fgxj/10_Using-Loop-functions-in-Javascript.pptx?rlkey=gx4o34j64yw6fy74skn7ekk0w&dl=0,ok
02_JavaScript,outcome1 Apply JavaScript Basic Concepts,outcome1 Apply JavaScript Basic Concepts,10_Using Loop functions in Javascript2.pptx,.pptx,/junsan-info/02_JavaScript/02_docs/outcome1 Apply JavaScript Basic Concepts/10_Using Loop functions in Javascript2.pptx,https://www.dropbox.com/scl/fi/3wl4plv10wmad77mgopjl/10_Using-Loop-functions-in-Javascript2.pptx?rlkey=xmnverhmp9rg83fs5hnbrtrc4&dl=0,ok
02_JavaScript,outcome1 Apply JavaScript Basic Concepts,outcome1 Apply JavaScript Basic Concepts,11_Using Functions in Javascript [Practical].pptx,.pptx,/junsan-info/02_JavaScript/02_docs/outcome1 Apply JavaScript Basic Concepts/11_Using Functions in Javascript [Practical].pptx,https://www.dropbox.com/scl/fi/2xxxp1ve2pflvoe1dvura/11_Using-Functions-in-Javascript-Practical.pptx?rlkey=wa3zu3i9kcxrztnwro95ewd91&dl=0,ok
02_JavaScript,outcome1 Apply JavaScript Basic Concepts,outcome1 Apply JavaScript Basic Concepts,Using Arrays in JavaScript.pptx,.pptx,/junsan-info/02_JavaScript/02_docs/outcome1 Apply JavaScript Basic Concepts/Using Arrays in JavaScript.pptx,https://www.dropbox.com/scl/fi/6gllfz8tcszd6pjzyxa6c/Using-Arrays-in-JavaScript.pptx?rlkey=dbhsxi4hi6132t5h5pz693x0i&dl=0,ok
02_JavaScript,outcome1 Apply JavaScript Basic Concepts,outcome1 Apply JavaScript Basic Concepts,Using objects in Javascript.pptx,.pptx,/junsan-info/02_JavaScript/02_docs/outcome1 Apply JavaScript Basic Concepts/Using objects in Javascript.pptx,https://www.dropbox.com/scl/fi/tq6uxepq4sbxmazslitr4/Using-objects-in-Javascript.pptx?rlkey=oeoe9n6lfy8mmx1yunthcl02s&dl=0,ok
02_JavaScript,outcome2 Manipulate data with JavaScript,outcome2 Manipulate data with JavaScript/8_Using JavaScript in HTML,1_Javascript HTML DOM.pptx,.pptx,/junsan-info/02_JavaScript/02_docs/outcome2 Manipulate data with JavaScript/8_Using JavaScript in HTML/1_Javascript HTML DOM.pptx,https://www.dropbox.com/scl/fi/vxzsxllzicbqpro8rgl6e/1_Javascript-HTML-DOM.pptx?rlkey=v6as6mum1fda91xqn0u5qxyij&dl=0,ok
02_JavaScript,outcome2 Manipulate data with JavaScript,outcome2 Manipulate data with JavaScript,1_Using string in Javascript.pptx,.pptx,/junsan-info/02_JavaScript/02_docs/outcome2 Manipulate data with JavaScript/1_Using string in Javascript.pptx,https://www.dropbox.com/scl/fi/6ubevzqm432wg7kqaafic/1_Using-string-in-Javascript.pptx?rlkey=8r3a1xgbh943np50sg4f7l1y2&dl=0,ok
02_JavaScript,outcome2 Manipulate data with JavaScript,outcome2 Manipulate data with JavaScript/8_Using JavaScript in HTML,2_HTML Events.pptx,.pptx,/junsan-info/02_JavaScript/02_docs/outcome2 Manipulate data with JavaScript/8_Using JavaScript in HTML/2_HTML Events.pptx,https://www.dropbox.com/scl/fi/2idblctd16ps3yn45e0o9/2_HTML-Events.pptx?rlkey=w9d8xnzlheuqvdzjwnynnslpg&dl=0,ok
02_JavaScript,outcome2 Manipulate data with JavaScript,outcome2 Manipulate data with JavaScript,2_Using Arrays in JavaScript.pptx,.pptx,/junsan-info/02_JavaScript/02_docs/outcome2 Manipulate data with JavaScript/2_Using Arrays in JavaScript.pptx,https://www.dropbox.com/scl/fi/0vg5u3sctv5csqf0a59au/2_Using-Arrays-in-JavaScript.pptx?rlkey=204p9fo0xk0arej56twvdcy9v&dl=0,ok
02_JavaScript,outcome2 Manipulate data with JavaScript,outcome2 Manipulate data with JavaScript/8_Using JavaScript in HTML,3_Core JavaScript DOM Methods & Properties.pptx,.pptx,/junsan-info/02_JavaScript/02_docs/outcome2 Manipulate data with JavaScript/8_Using JavaScript in HTML/3_Core JavaScript DOM Methods & Properties.pptx,https://www.dropbox.com/scl/fi/u49y913dcfx6h9j95c1bz/3_Core-JavaScript-DOM-Methods-Properties.pptx?rlkey=wtflka7p3ben4z2d4v0wbdzps&dl=0,ok
02_JavaScript,outcome2 Manipulate data with JavaScript,outcome2 Manipulate data with JavaScript,3_Using objects in Javascript.pptx,.pptx,/junsan-info/02_JavaScript/02_docs/outcome2 Manipulate data with JavaScript/3_Using objects in Javascript.pptx,https://www.dropbox.com/scl/fi/o5284je4gzjd2cgf53oqi/3_Using-objects-in-Javascript.pptx?rlkey=bu6xy97tc0crgu27m7r6m0qo4&dl=0,ok
02_JavaScript,outcome2 Manipulate data with JavaScript,outcome2 Manipulate data with JavaScript/8_Using JavaScript in HTML,4_JavaScript window object.pptx,.pptx,/junsan-info/02_JavaScript/02_docs/outcome2 Manipulate data with JavaScript/8_Using JavaScript in HTML/4_JavaScript window object.pptx,https://www.dropbox.com/scl/fi/8rs2f43xx37wyka8f2ej1/4_JavaScript-window-object.pptx?rlkey=m0f9hnuzo2rn1jh1lwujrnvg5&dl=0,ok
02_JavaScript,outcome2 Manipulate data with JavaScript,outcome2 Manipulate data with JavaScript,4_Using conditional statement.pptx,.pptx,/junsan-info/02_JavaScript/02_docs/outcome2 Manipulate data with JavaScript/4_Using conditional statement.pptx,https://www.dropbox.com/scl/fi/o0mbdnmejgmqmund0eppa/4_Using-conditional-statement.pptx?rlkey=0dgx7x4eoop5vpsu34mt2tyjm&dl=0,ok
02_JavaScript,outcome2 Manipulate data with JavaScript,outcome2 Manipulate data with JavaScript/8_Using JavaScript in HTML,5_JavaScript Form Validation.pptx,.pptx,/junsan-info/02_JavaScript/02_docs/outcome2 Manipulate data with JavaScript/8_Using JavaScript in HTML/5_JavaScript Form Validation.pptx,https://www.dropbox.com/scl/fi/vo4vtkxu24d1trzsfxn0q/5_JavaScript-Form-Validation.pptx?rlkey=hn8lw2lnn3a839fc66kdj1e0e&dl=0,ok
02_JavaScript,outcome2 Manipulate data with JavaScript,outcome2 Manipulate data with JavaScript,5_Using Loop functions in Javascript.pptx,.pptx,/junsan-info/02_JavaScript/02_docs/outcome2 Manipulate data with JavaScript/5_Using Loop functions in Javascript.pptx,https://www.dropbox.com/scl/fi/ma0xemej0kkxt5u13b8ry/5_Using-Loop-functions-in-Javascript.pptx?rlkey=cvznxjh9rioqtq4nbtyp8nihv&dl=0,ok
02_JavaScript,outcome2 Manipulate data with JavaScript,outcome2 Manipulate data with JavaScript/8_Using JavaScript in HTML,6_Error Handling in JavaScript.pptx,.pptx,/junsan-info/02_JavaScript/02_docs/outcome2 Manipulate data with JavaScript/8_Using JavaScript in HTML/6_Error Handling in JavaScript.pptx,https://www.dropbox.com/scl/fi/79xid4p83l65u6n9j7rkn/6_Error-Handling-in-JavaScript.pptx?rlkey=wrfvfc393sghryfkiu1xxxzk5&dl=0,ok
02_JavaScript,outcome2 Manipulate data with JavaScript,outcome2 Manipulate data with JavaScript,6_Using Loop functions in Javascript2.pptx,.pptx,/junsan-info/02_JavaScript/02_docs/outcome2 Manipulate data with JavaScript/6_Using Loop functions in Javascript2.pptx,https://www.dropbox.com/scl/fi/wcg2n0yp8gzndu473jno0/6_Using-Loop-functions-in-Javascript2.pptx?rlkey=gx6uhv6qe6qlrzfwc9m1ke7jz&dl=0,ok
02_JavaScript,outcome2 Manipulate data with JavaScript,outcome2 Manipulate data with JavaScript/8_Using JavaScript in HTML,7_Regular Expressions (RegEx) Basics.pptx,.pptx,/junsan-info/02_JavaScript/02_docs/outcome2 Manipulate data with JavaScript/8_Using JavaScript in HTML/7_Regular Expressions (RegEx) Basics.pptx,https://www.dropbox.com/scl/fi/s1mramovlwboyypn087j0/7_Regular-Expressions-RegEx-Basics.pptx?rlkey=cte35mw4bi396xmb52nwtg87f&dl=0,ok
02_JavaScript,outcome2 Manipulate data with JavaScript,outcome2 Manipulate data with JavaScript,7_Using Functions in Javascript [Practical].pptx,.pptx,/junsan-info/02_JavaScript/02_docs/outcome2 Manipulate data with JavaScript/7_Using Functions in Javascript [Practical].pptx,https://www.dropbox.com/scl/fi/ryefqkdmr7xzw75vsznz2/7_Using-Functions-in-Javascript-Practical.pptx?rlkey=xmsy6mj36aw9l6ghff11q46t7&dl=0,ok
02_JavaScript,outcome2 Manipulate data with JavaScript,outcome2 Manipulate data with JavaScript/8_Using JavaScript in HTML,How to make slides.pptx,.pptx,/junsan-info/02_JavaScript/02_docs/outcome2 Manipulate data with JavaScript/8_Using JavaScript in HTML/How to make slides.pptx,https://www.dropbox.com/scl/fi/nx6wyb165jywcjwrpd2ht/How-to-make-slides.pptx?rlkey=m39rkoklql21ada7qn6pqgy5c&dl=0,ok
02_JavaScript,outcome2 Manipulate data with JavaScript,outcome2 Manipulate data with JavaScript/8_Using JavaScript in HTML,JavaScript Animation.pptx,.pptx,/junsan-info/02_JavaScript/02_docs/outcome2 Manipulate data with JavaScript/8_Using JavaScript in HTML/JavaScript Animation.pptx,https://www.dropbox.com/scl/fi/4w4rgmun79p1wveu7p84c/JavaScript-Animation.pptx?rlkey=h4fhtlhotowsf9l4l6ot00yce&dl=0,ok
02_JavaScript,outcome3 Apply JavaScript in Project,outcome3 Apply JavaScript in Project,exercise.zip,.zip,/junsan-info/02_JavaScript/02_docs/outcome3 Apply JavaScript in Project/exercise.zip,https://www.dropbox.com/scl/fi/8w71kcob57bp2j7xesx71/exercise.zip?rlkey=s1mk4m5m5owxtg1otw0lj61lm&dl=0,ok
02_JavaScript,outcome3 Apply JavaScript in Project,outcome3 Apply JavaScript in Project/4. Simple Calculator,Explanation.pptx,.pptx,/junsan-info/02_JavaScript/02_docs/outcome3 Apply JavaScript in Project/4. Simple Calculator/Explanation.pptx,https://www.dropbox.com/scl/fi/vcnp2exluoiw8elvfg4op/Explanation.pptx?rlkey=4vq3oh79zynph9rd8z36c7p6t&dl=0,ok
02_JavaScript,outcome3 Apply JavaScript in Project,outcome3 Apply JavaScript in Project/3. Temperature Converter,Explanation.pptx,.pptx,/junsan-info/02_JavaScript/02_docs/outcome3 Apply JavaScript in Project/3. Temperature Converter/Explanation.pptx,https://www.dropbox.com/scl/fi/boue322p72dqjxxg2jogq/Explanation.pptx?rlkey=42b2uk1viav1t4p6dvaantt0x&dl=0,ok
02_JavaScript,outcome3 Apply JavaScript in Project,outcome3 Apply JavaScript in Project/2. Tip Calculator,Explanation.pptx,.pptx,/junsan-info/02_JavaScript/02_docs/outcome3 Apply JavaScript in Project/2. Tip Calculator/Explanation.pptx,https://www.dropbox.com/scl/fi/s8nr6hfbmla7wxvyynadc/Explanation.pptx?rlkey=lto5c8ovq83l0q3bvx0ep7sup&dl=0,ok
02_JavaScript,outcome3 Apply JavaScript in Project,outcome3 Apply JavaScript in Project/1. To-Do List App Overview,Explanation.pptx,.pptx,/junsan-info/02_JavaScript/02_docs/outcome3 Apply JavaScript in Project/1. To-Do List App Overview/Explanation.pptx,https://www.dropbox.com/scl/fi/4ng275wybmwsn4bwoatpm/Explanation.pptx?rlkey=jlt6xbqu0m30jqkvhgpt3jcbi&dl=0,ok
02_JavaScript,outcome3 Apply JavaScript in Project,outcome3 Apply JavaScript in Project/4. Simple Calculator,index.html,.html,/junsan-info/02_JavaScript/02_docs/outcome3 Apply JavaScript in Project/4. Simple Calculator/index.html,https://www.dropbox.com/scl/fi/inbaqkneps68rwtelvuif/index.html?rlkey=7fqw9nmsgktzmkv3qktwf3tnh&dl=0,ok
02_JavaScript,outcome3 Apply JavaScript in Project,outcome3 Apply JavaScript in Project/3. Temperature Converter,index.html,.html,/junsan-info/02_JavaScript/02_docs/outcome3 Apply JavaScript in Project/3. Temperature Converter/index.html,https://www.dropbox.com/scl/fi/wbi8zt3alfdb1b2jgsxi6/index.html?rlkey=bvvcvmypqh04bh4c07tjs3cbi&dl=0,ok
02_JavaScript,outcome3 Apply JavaScript in Project,outcome3 Apply JavaScript in Project/2. Tip Calculator,index.html,.html,/junsan-info/02_JavaScript/02_docs/outcome3 Apply JavaScript in Project/2. Tip Calculator/index.html,https://www.dropbox.com/scl/fi/3y9g3gd1ibk11uhnvikyj/index.html?rlkey=3tbjki8v0os90snbgfivvuu4x&dl=0,ok
02_JavaScript,outcome3 Apply JavaScript in Project,outcome3 Apply JavaScript in Project/1. To-Do List App Overview,index.html,.html,/junsan-info/02_JavaScript/02_docs/outcome3 Apply JavaScript in Project/1. To-Do List App Overview/index.html,https://www.dropbox.com/scl/fi/mnts3doyc4trwkt6ez3g2/index.html?rlkey=697dtso2ct0z9iyr7hob3zhhn&dl=0,ok
02_JavaScript,outcome3 Apply JavaScript in Project,outcome3 Apply JavaScript in Project/1. To-Do List App Overview/class,index.html,.html,/junsan-info/02_JavaScript/02_docs/outcome3 Apply JavaScript in Project/1. To-Do List App Overview/class/index.html,https://www.dropbox.com/scl/fi/n8t3ochq4ejd00281hwaw/index.html?rlkey=zv96uu7x573ahiv2n3kwfrn4y&dl=0,ok
02_JavaScript,outcome3 Apply JavaScript in Project,outcome3 Apply JavaScript in Project/4. Simple Calculator,script.js,.js,/junsan-info/02_JavaScript/02_docs/outcome3 Apply JavaScript in Project/4. Simple Calculator/script.js,https://www.dropbox.com/scl/fi/2tbvido62796wgwyf3wh0/script.js?rlkey=adt3vl0ji9c728g9s7xanpsqp&dl=0,ok
02_JavaScript,outcome3 Apply JavaScript in Project,outcome3 Apply JavaScript in Project/3. Temperature Converter,script.js,.js,/junsan-info/02_JavaScript/02_docs/outcome3 Apply JavaScript in Project/3. Temperature Converter/script.js,https://www.dropbox.com/scl/fi/adfm7ahmom6hq2ob3kq8o/script.js?rlkey=upq9i0602pg5trhv15um82dgy&dl=0,ok
02_JavaScript,outcome3 Apply JavaScript in Project,outcome3 Apply JavaScript in Project/2. Tip Calculator,script.js,.js,/junsan-info/02_JavaScript/02_docs/outcome3 Apply JavaScript in Project/2. Tip Calculator/script.js,https://www.dropbox.com/scl/fi/xcqz51qliyx00bcy6i098/script.js?rlkey=xgwiw7q05yxzc1ga696dgktmb&dl=0,ok
02_JavaScript,outcome3 Apply JavaScript in Project,outcome3 Apply JavaScript in Project/1. To-Do List App Overview,script.js,.js,/junsan-info/02_JavaScript/02_docs/outcome3 Apply JavaScript in Project/1. To-Do List App Overview/script.js,https://www.dropbox.com/scl/fi/nctm7pbso5l5u4gll1riq/script.js?rlkey=5u4xzs3bnp9cwk31c68iyvhgm&dl=0,ok
02_JavaScript,outcome3 Apply JavaScript in Project,outcome3 Apply JavaScript in Project/1. To-Do List App Overview/class,script.js,.js,/junsan-info/02_JavaScript/02_docs/outcome3 Apply JavaScript in Project/1. To-Do List App Overview/class/script.js,https://www.dropbox.com/scl/fi/4iduvzaoh3o6tapqoqkwu/script.js?rlkey=tjwzluo0qup3dbwrbxxwq53qa&dl=0,ok
02_JavaScript,outcome3 Apply JavaScript in Project,outcome3 Apply JavaScript in Project/4. Simple Calculator,style.css,.css,/junsan-info/02_JavaScript/02_docs/outcome3 Apply JavaScript in Project/4. Simple Calculator/style.css,https://www.dropbox.com/scl/fi/4srslgqrriev4hw9nzkv0/style.css?rlkey=cqd2k03idvjpgh6yy9oyifhu7&dl=0,ok
02_JavaScript,outcome3 Apply JavaScript in Project,outcome3 Apply JavaScript in Project/3. Temperature Converter,style.css,.css,/junsan-info/02_JavaScript/02_docs/outcome3 Apply JavaScript in Project/3. Temperature Converter/style.css,https://www.dropbox.com/scl/fi/gmi4m6zutypbwdjriwt4c/style.css?rlkey=mvltg3impydd1uodqhdlsdgs2&dl=0,ok
02_JavaScript,outcome3 Apply JavaScript in Project,outcome3 Apply JavaScript in Project/2. Tip Calculator,style.css,.css,/junsan-info/02_JavaScript/02_docs/outcome3 Apply JavaScript in Project/2. Tip Calculator/style.css,https://www.dropbox.com/scl/fi/gbaxtv06i6hvvpg4eutik/style.css?rlkey=mu5782g92ipf623v0lsr4u2zl&dl=0,ok
02_JavaScript,outcome3 Apply JavaScript in Project,outcome3 Apply JavaScript in Project/1. To-Do List App Overview,style.css,.css,/junsan-info/02_JavaScript/02_docs/outcome3 Apply JavaScript in Project/1. To-Do List App Overview/style.css,https://www.dropbox.com/scl/fi/m72dw7wefgt4bz0squpi1/style.css?rlkey=df91kb3do5sb30nflyjyk7ilr&dl=0,ok
02_JavaScript,outcome3 Apply JavaScript in Project,outcome3 Apply JavaScript in Project/1. To-Do List App Overview/class,style.css,.css,/junsan-info/02_JavaScript/02_docs/outcome3 Apply JavaScript in Project/1. To-Do List App Overview/class/style.css,https://www.dropbox.com/scl/fi/sfddyv850fmm9olpkg9g2/style.css?rlkey=7h26cfsvcv08i1folvovk6qy7&dl=0,ok
02_PHP,_old,_old/100_withoutComputers,【PHP】20250303.docx,.docx,/junsan-info/02_PHP/02_docs/_old/100_withoutComputers/【PHP】20250303.docx,https://www.dropbox.com/scl/fi/mwtonvmodxne7va86ru9k/PHP-20250303.docx?rlkey=i9kkfe0f9m2dnw4snjzewaqnz&dl=0,ok
02_PHP,_old,_old/4_Build a web app using MVC Framework (LARAVEL)/Laravel Balde,0_How to Install Laravel without Wifi.pptx,.pptx,/junsan-info/02_PHP/02_docs/_old/4_Build a web app using MVC Framework (LARAVEL)/Laravel Balde/0_How to Install Laravel without Wifi.pptx,https://www.dropbox.com/scl/fi/y36ud5wchhng76yfh78u6/0_How-to-Install-Laravel-without-Wifi.pptx?rlkey=fset4ehrmgi7rfszx727ixh33&dl=0,ok
02_PHP,_old,_old/4_Build a web app using MVC Framework (LARAVEL)/Laravel Inertia,0_How to Install Laravel without Wifi.pptx,.pptx,/junsan-info/02_PHP/02_docs/_old/4_Build a web app using MVC Framework (LARAVEL)/Laravel Inertia/0_How to Install Laravel without Wifi.pptx,https://www.dropbox.com/scl/fi/zs20iy9gxhhstjs3wzw2u/0_How-to-Install-Laravel-without-Wifi.pptx?rlkey=turidm0f3wf3id4b61bdkdq8h&dl=0,ok
02_PHP,_old,_old,00_template.pptx,.pptx,/junsan-info/02_PHP/02_docs/_old/00_template.pptx,https://www.dropbox.com/scl/fi/26aqkef7yw0d44znljacz/00_template.pptx?rlkey=14jvxrsxkvdxfaoo8l5bcbr2e&dl=0,ok
02_PHP,_old,_old/4_Build a web app using MVC Framework (LARAVEL)/Laravel Balde,1. Introduction to Laravel.pptx,.pptx,/junsan-info/02_PHP/02_docs/_old/4_Build a web app using MVC Framework (LARAVEL)/Laravel Balde/1. Introduction to Laravel.pptx,https://www.dropbox.com/scl/fi/5gmacfog7xtpv3ny0j837/1.-Introduction-to-Laravel.pptx?rlkey=ospvueko2uzme54udsd94ttib&dl=0,ok
02_PHP,_old,_old/1_Apply PHP Fundamentals,1.1_Preparation of PHP Programming Environment.docx,.docx,/junsan-info/02_PHP/02_docs/_old/1_Apply PHP Fundamentals/1.1_Preparation of PHP Programming Environment.docx,https://www.dropbox.com/scl/fi/5kx92d8p72fkd7hqmdtem/1.1_Preparation-of-PHP-Programming-Environment.docx?rlkey=g058qeuu16muod7puhx3ahdoa&dl=0,ok
02_PHP,_old,_old/1_Apply PHP Fundamentals,1.2_PHP File Handling.docx,.docx,/junsan-info/02_PHP/02_docs/_old/1_Apply PHP Fundamentals/1.2_PHP File Handling.docx,https://www.dropbox.com/scl/fi/d3s7hxsmz37hs7774q4xd/1.2_PHP-File-Handling.docx?rlkey=0iwqvnkz5y3nocft86ls5vvos&dl=0,ok
02_PHP,_old,_old/1_Apply PHP Fundamentals,1.3_PHP Form Handling.docx,.docx,/junsan-info/02_PHP/02_docs/_old/1_Apply PHP Fundamentals/1.3_PHP Form Handling.docx,https://www.dropbox.com/scl/fi/ofxvn88josn3e9j82r2xu/1.3_PHP-Form-Handling.docx?rlkey=wjzxe55v9k5lb6dlt5fzw7iug&dl=0,ok
02_PHP,_old,_old/1_Apply PHP Fundamentals,1.4_Cookie&Session.docx,.docx,/junsan-info/02_PHP/02_docs/_old/1_Apply PHP Fundamentals/1.4_Cookie&Session.docx,https://www.dropbox.com/scl/fi/q8xoosm0fsi3k0m6t2z4z/1.4_Cookie-Session.docx?rlkey=ewor32i6x78flsmillbbnge96&dl=0,ok
02_PHP,_old,_old/1_Apply PHP Fundamentals,1.5_ Implementation of Object-oriented programming (OOP) in PHP.docx,.docx,/junsan-info/02_PHP/02_docs/_old/1_Apply PHP Fundamentals/1.5_ Implementation of Object-oriented programming (OOP) in PHP.docx,https://www.dropbox.com/scl/fi/gzo0liepqk8065lkekd0q/1.5_-Implementation-of-Object-oriented-programming-OOP-in-PHP.docx?rlkey=51zfvfkonk2a46uc1dysvkie9&dl=0,ok
02_PHP,_old,_old/4_Build a web app using MVC Framework (LARAVEL)/Laravel Balde,2_Laravel Folder Structure & Configuration.pptx,.pptx,/junsan-info/02_PHP/02_docs/_old/4_Build a web app using MVC Framework (LARAVEL)/Laravel Balde/2_Laravel Folder Structure & Configuration.pptx,https://www.dropbox.com/scl/fi/xkdasuudgpvznru0325n5/2_Laravel-Folder-Structure-Configuration.pptx?rlkey=zgcqk27gw1scq7l7s50meq3dv&dl=0,ok
02_PHP,_old,_old/2_Connect PHP to the Database,2.1_Database Connection.docx,.docx,/junsan-info/02_PHP/02_docs/_old/2_Connect PHP to the Database/2.1_Database Connection.docx,https://www.dropbox.com/scl/fi/kar664gv531a3832pxrfl/2.1_Database-Connection.docx?rlkey=sm26r2sefowkois3fy3avjcgw&dl=0,ok
02_PHP,_old,_old/2_Connect PHP to the Database,2.1_Database Connection.pdf,.pdf,/junsan-info/02_PHP/02_docs/_old/2_Connect PHP to the Database/2.1_Database Connection.pdf,https://www.dropbox.com/scl/fi/rs3vhwiyx0ya8jahkulqt/2.1_Database-Connection.pdf?rlkey=whn2rg8l6qxay0fa9fr0nmpc1&dl=0,ok
02_PHP,_old,_old/2_Connect PHP to the Database,2.2_Application of PHP Security concepts.docx,.docx,/junsan-info/02_PHP/02_docs/_old/2_Connect PHP to the Database/2.2_Application of PHP Security concepts.docx,https://www.dropbox.com/scl/fi/2imh3ofgp0tu7td3qcrvl/2.2_Application-of-PHP-Security-concepts.docx?rlkey=beyrl3awvmu8o52ew88tksd6j&dl=0,ok
02_PHP,_old,_old/2_Connect PHP to the Database,2.2_Application of PHP Security concepts.pdf,.pdf,/junsan-info/02_PHP/02_docs/_old/2_Connect PHP to the Database/2.2_Application of PHP Security concepts.pdf,https://www.dropbox.com/scl/fi/6dhy9hp9nquwe5xh45fh4/2.2_Application-of-PHP-Security-concepts.pdf?rlkey=n02hqbe8up7tawdtk5mfzmewr&dl=0,ok
02_PHP,_old,_old/2_Connect PHP to the Database,2.3_Errors and exceptions in PHP.docx,.docx,/junsan-info/02_PHP/02_docs/_old/2_Connect PHP to the Database/2.3_Errors and exceptions in PHP.docx,https://www.dropbox.com/scl/fi/t33oc0klf7strolg44i96/2.3_Errors-and-exceptions-in-PHP.docx?rlkey=q6oc3ei28d531hc3atio9xk44&dl=0,ok
02_PHP,_old,_old/2_Connect PHP to the Database,2.3_Errors and exceptions in PHP.pdf,.pdf,/junsan-info/02_PHP/02_docs/_old/2_Connect PHP to the Database/2.3_Errors and exceptions in PHP.pdf,https://www.dropbox.com/scl/fi/jnshi86q9zsue625u9ivl/2.3_Errors-and-exceptions-in-PHP.pdf?rlkey=tpgpvz3eooeycgg9s2ylc0fjm&dl=0,ok
02_PHP,_old,_old/2nd,2.3_SecutiryConcepts.pptx,.pptx,/junsan-info/02_PHP/02_docs/_old/2nd/2.3_SecutiryConcepts.pptx,https://www.dropbox.com/scl/fi/5yt54429n2fsbza5tspws/2.3_SecutiryConcepts.pptx?rlkey=35m3tqqmqtvuadz5esky9mh99&dl=0,ok
02_PHP,_old,_old/2nd,2.4_Errors and exceptions in PHP.pptx,.pptx,/junsan-info/02_PHP/02_docs/_old/2nd/2.4_Errors and exceptions in PHP.pptx,https://www.dropbox.com/scl/fi/mvws32tkppzg0ku3yali2/2.4_Errors-and-exceptions-in-PHP.pptx?rlkey=j2c7or5e3yf7cnvcxctid2zt5&dl=0,ok
02_PHP,_old,_old/2_Connect PHP to the Database,2.4_Implementation of user authentication.docx,.docx,/junsan-info/02_PHP/02_docs/_old/2_Connect PHP to the Database/2.4_Implementation of user authentication.docx,https://www.dropbox.com/scl/fi/113zowqfqv23dbkfym5jb/2.4_Implementation-of-user-authentication.docx?rlkey=to7zy6nse1k47bj9xqfywwn4i&dl=0,ok
02_PHP,_old,_old/2_Connect PHP to the Database,2.4_Implementation of user authentication.pdf,.pdf,/junsan-info/02_PHP/02_docs/_old/2_Connect PHP to the Database/2.4_Implementation of user authentication.pdf,https://www.dropbox.com/scl/fi/8ddv4ng65ptxh9yi1xraz/2.4_Implementation-of-user-authentication.pdf?rlkey=3h5adgexuhusaqbldu06nqsnr&dl=0,ok
02_PHP,_old,_old/2nd,2.5_Implementation of user authentication.pptx,.pptx,/junsan-info/02_PHP/02_docs/_old/2nd/2.5_Implementation of user authentication.pptx,https://www.dropbox.com/scl/fi/prxc6487ber6rhsoepesd/2.5_Implementation-of-user-authentication.pptx?rlkey=09wvf53v4rhsutz6m7b0n7r5v&dl=0,ok
02_PHP,_old,_old/4_Build a web app using MVC Framework (LARAVEL)/Laravel Balde,3_Setting up a database connection.pptx,.pptx,/junsan-info/02_PHP/02_docs/_old/4_Build a web app using MVC Framework (LARAVEL)/Laravel Balde/3_Setting up a database connection.pptx,https://www.dropbox.com/scl/fi/0nytjgt4rh0jzx9111co1/3_Setting-up-a-database-connection.pptx?rlkey=cjy9olzok4459yvx0y7ac1wmi&dl=0,ok
02_PHP,_old,_old/2nd,3.1_CMS.pptx,.pptx,/junsan-info/02_PHP/02_docs/_old/2nd/3.1_CMS.pptx,https://www.dropbox.com/scl/fi/wohu44auv0wkno7t2crno/3.1_CMS.pptx?rlkey=oi5ez0pawbwfxojnmd5azyoba&dl=0,ok
02_PHP,_old,_old/2nd,3.2_Understanding the WordPress Structure.pptx,.pptx,/junsan-info/02_PHP/02_docs/_old/2nd/3.2_Understanding the WordPress Structure.pptx,https://www.dropbox.com/scl/fi/1dv1np99f1fybx90k41m6/3.2_Understanding-the-WordPress-Structure.pptx?rlkey=g247gp4yy5u5kzsjgy95l4et7&dl=0,ok
02_PHP,_old,_old/2nd,3.3_Working with Content.pptx,.pptx,/junsan-info/02_PHP/02_docs/_old/2nd/3.3_Working with Content.pptx,https://www.dropbox.com/scl/fi/q20s2lqyqegd2fssd1if2/3.3_Working-with-Content.pptx?rlkey=lx40rkgzo17ar1yshh433yfd2&dl=0,ok
02_PHP,_old,_old/2nd,"3.4_Plugins, Widgets, and Site Management.pptx",.pptx,"/junsan-info/02_PHP/02_docs/_old/2nd/3.4_Plugins, Widgets, and Site Management.pptx",https://www.dropbox.com/scl/fi/xbxvu47j2o6o9g5wz702w/3.4_Plugins-Widgets-and-Site-Management.pptx?rlkey=it1wpn0bweranm7dms1qkuaol&dl=0,ok
02_PHP,_old,_old/2nd,3.5_Creating own theme.pptx,.pptx,/junsan-info/02_PHP/02_docs/_old/2nd/3.5_Creating own theme.pptx,https://www.dropbox.com/scl/fi/r0huorunxw5efbq2o20s1/3.5_Creating-own-theme.pptx?rlkey=15vfenik64fo1cuo98lvsynnb&dl=0,ok
02_PHP,_old,_old/4_Build a web app using MVC Framework (LARAVEL)/Laravel Balde,4_Routing.pptx,.pptx,/junsan-info/02_PHP/02_docs/_old/4_Build a web app using MVC Framework (LARAVEL)/Laravel Balde/4_Routing.pptx,https://www.dropbox.com/scl/fi/rsn6prnfru2r828pj37x0/4_Routing.pptx?rlkey=w8p054orhubh5nd31nbrdga4k&dl=0,ok
02_PHP,_old,_old/4_Build a web app using MVC Framework (LARAVEL)/_old,4_The use of a controller.pptx,.pptx,/junsan-info/02_PHP/02_docs/_old/4_Build a web app using MVC Framework (LARAVEL)/_old/4_The use of a controller.pptx,https://www.dropbox.com/scl/fi/iatzga8fh4xy05irfeoij/4_The-use-of-a-controller.pptx?rlkey=9jyk3h988h57jtxpnkqlbn78h&dl=0,ok
02_PHP,_old,_old/4_Build a web app using MVC Framework (LARAVEL)/Laravel Balde,5_ControllersModelsViews.pptx,.pptx,/junsan-info/02_PHP/02_docs/_old/4_Build a web app using MVC Framework (LARAVEL)/Laravel Balde/5_ControllersModelsViews.pptx,https://www.dropbox.com/scl/fi/xv73gp7r83gx7bxrtc30q/5_ControllersModelsViews.pptx?rlkey=rxefyu3vhqd61uylpohtbuc4g&dl=0,ok
02_PHP,_old,_old/4_Build a web app using MVC Framework (LARAVEL)/_old,5_Create&Update.pptx,.pptx,/junsan-info/02_PHP/02_docs/_old/4_Build a web app using MVC Framework (LARAVEL)/_old/5_Create&Update.pptx,https://www.dropbox.com/scl/fi/ds7013oqb7nu1pn9cj8pf/5_Create-Update.pptx?rlkey=iqr6jzl5y1emx6wipgvnidzlg&dl=0,ok
02_PHP,_old,_old/4_Build a web app using MVC Framework (LARAVEL)/Laravel Balde,6_CRUD.pptx,.pptx,/junsan-info/02_PHP/02_docs/_old/4_Build a web app using MVC Framework (LARAVEL)/Laravel Balde/6_CRUD.pptx,https://www.dropbox.com/scl/fi/w0pl1r7bh0xdcyj8cxdfe/6_CRUD.pptx?rlkey=79crdx3rz397s6y5jl77w46fm&dl=0,ok
02_PHP,_old,_old/4_Build a web app using MVC Framework (LARAVEL)/Laravel Balde,7_Breeze.pptx,.pptx,/junsan-info/02_PHP/02_docs/_old/4_Build a web app using MVC Framework (LARAVEL)/Laravel Balde/7_Breeze.pptx,https://www.dropbox.com/scl/fi/fanuu7jubxf4l77pd8hit/7_Breeze.pptx?rlkey=ruzppodsxbvf1mojfcscui249&dl=0,ok
02_PHP,_old,_old/4_Build a web app using MVC Framework (LARAVEL)/Laravel Balde,8_MiniProject.pptx,.pptx,/junsan-info/02_PHP/02_docs/_old/4_Build a web app using MVC Framework (LARAVEL)/Laravel Balde/8_MiniProject.pptx,https://www.dropbox.com/scl/fi/nt7vu0hw4p65oxd2gzc6x/8_MiniProject.pptx?rlkey=ueuuf84nanj66lllysudl46rj&dl=0,ok
02_PHP,_old,_old/1st,241007_loop.pptx,.pptx,/junsan-info/02_PHP/02_docs/_old/1st/241007_loop.pptx,https://www.dropbox.com/scl/fi/xt1z3sj9hp1we5wf573gr/241007_loop.pptx?rlkey=4t9v4uodhc41kyws4fp0mnbz0&dl=0,ok
02_PHP,_old,_old/1st,241008_function.pptx,.pptx,/junsan-info/02_PHP/02_docs/_old/1st/241008_function.pptx,https://www.dropbox.com/scl/fi/ph1amp2nd74w629j8r14t/241008_function.pptx?rlkey=8odu5wmikgaq8cr5yn6t9srig&dl=0,ok
02_PHP,_old,_old/1st,241011_SuperGlobalvariables.pptx,.pptx,/junsan-info/02_PHP/02_docs/_old/1st/241011_SuperGlobalvariables.pptx,https://www.dropbox.com/scl/fi/qrv0wtr7zqqwhdj1qndfa/241011_SuperGlobalvariables.pptx?rlkey=dw2xvdjb3pz564aklnk3dkyf0&dl=0,ok
02_PHP,_old,_old/1st,241014_formHandling.pptx,.pptx,/junsan-info/02_PHP/02_docs/_old/1st/241014_formHandling.pptx,https://www.dropbox.com/scl/fi/9vbylcr3cwmo6ta7j2p0u/241014_formHandling.pptx?rlkey=zx5a6oafnm3lona74jhjjpm9p&dl=0,ok
02_PHP,_old,_old/1st,241015_CokiesSeccion.pptx,.pptx,/junsan-info/02_PHP/02_docs/_old/1st/241015_CokiesSeccion.pptx,https://www.dropbox.com/scl/fi/92n39g4gx2j8834yc654u/241015_CokiesSeccion.pptx?rlkey=nbe48tvvny92od8lhap7gmtjo&dl=0,ok
02_PHP,_old,_old/1st,241028_midtermReviews.pptx,.pptx,/junsan-info/02_PHP/02_docs/_old/1st/241028_midtermReviews.pptx,https://www.dropbox.com/scl/fi/x2bjjpgeejv5pr2rrrz0a/241028_midtermReviews.pptx?rlkey=h6cc4froplrecb17nyaqnaxcw&dl=0,ok
02_PHP,_old,_old/1st,241028_OOP.pptx,.pptx,/junsan-info/02_PHP/02_docs/_old/1st/241028_OOP.pptx,https://www.dropbox.com/scl/fi/14asnwssmia9iej2j9yjo/241028_OOP.pptx?rlkey=d98fi1zu3qsinnkeoibgz22j9&dl=0,ok
02_PHP,_old,_old/1st,241104_MySQL.pptx,.pptx,/junsan-info/02_PHP/02_docs/_old/1st/241104_MySQL.pptx,https://www.dropbox.com/scl/fi/i5qtc64ai7qxvq7p6d1ft/241104_MySQL.pptx?rlkey=18yr9d7xrcliqpte5jft0k8fb&dl=0,ok
02_PHP,_old,_old/1st,241104_MySQLwithPHP Connect.pptx,.pptx,/junsan-info/02_PHP/02_docs/_old/1st/241104_MySQLwithPHP Connect.pptx,https://www.dropbox.com/scl/fi/a0h07oqgspcvulzia9zwd/241104_MySQLwithPHP-Connect.pptx?rlkey=3442k49d3sdtjepq9p9y0elj7&dl=0,ok
02_PHP,_old,_old/1st,241108_MySQLwithPHP CRUD.pptx,.pptx,/junsan-info/02_PHP/02_docs/_old/1st/241108_MySQLwithPHP CRUD.pptx,https://www.dropbox.com/scl/fi/frhxjsrhctkhos31qcabt/241108_MySQLwithPHP-CRUD.pptx?rlkey=sez3lf8c2fxlkx7e74akccvuv&dl=0,ok
02_PHP,_old,_old/1st,241118_MySQLwithPHPCRUD_mysqli.pptx,.pptx,/junsan-info/02_PHP/02_docs/_old/1st/241118_MySQLwithPHPCRUD_mysqli.pptx,https://www.dropbox.com/scl/fi/h7anuupw1m493e39pgz59/241118_MySQLwithPHPCRUD_mysqli.pptx?rlkey=grvbh7urocj8us7p5ixnopvfu&dl=0,ok
02_PHP,_old,_old/2nd,Exercise01_authentication.docx,.docx,/junsan-info/02_PHP/02_docs/_old/2nd/Exercise01_authentication.docx,https://www.dropbox.com/scl/fi/lgun5inw6flf13z4qpmep/Exercise01_authentication.docx?rlkey=7e97a1xpvjpvbu3bbvi1efg95&dl=0,ok
02_PHP,_old,_old/2nd,Exercise01_authentication.pdf,.pdf,/junsan-info/02_PHP/02_docs/_old/2nd/Exercise01_authentication.pdf,https://www.dropbox.com/scl/fi/5n20f13zi0yympyace542/Exercise01_authentication.pdf?rlkey=wep9hp6kvhlzmhlcsdxtw3ob3&dl=0,ok
02_PHP,_old,_old,LaravelNotes.docx,.docx,/junsan-info/02_PHP/02_docs/_old/LaravelNotes.docx,https://www.dropbox.com/scl/fi/p7vgcgo45h1e3e4cgvzft/LaravelNotes.docx?rlkey=raoyvii2owcuuhv1bxqbw17t5&dl=0,ok
02_PHP,_old,_old,LaravelNotes.pdf,.pdf,/junsan-info/02_PHP/02_docs/_old/LaravelNotes.pdf,https://www.dropbox.com/scl/fi/7ryxjomeky91fnmwwwe0k/LaravelNotes.pdf?rlkey=b5ciidlrzdnv7112ezs0v0lxn&dl=0,ok
02_PHP,_old,_old/1st,phpoop.png,.png,/junsan-info/02_PHP/02_docs/_old/1st/phpoop.png,https://www.dropbox.com/scl/fi/8n55o7sogvy12x17efi6c/phpoop.png?rlkey=2i3fp1ssrqgt84sejr2xmhrvv&dl=0,ok
02_PHP,_old,_old,Quiz.pptx,.pptx,/junsan-info/02_PHP/02_docs/_old/Quiz.pptx,https://www.dropbox.com/scl/fi/ft63bfj5pmxgi1dys910d/Quiz.pptx?rlkey=vje6nwk1zexkxnr3p0czvv19c&dl=0,ok
02_PHP,_old,_old/4_Build a web app using MVC Framework (LARAVEL),setumei.pptx,.pptx,/junsan-info/02_PHP/02_docs/_old/4_Build a web app using MVC Framework (LARAVEL)/setumei.pptx,https://www.dropbox.com/scl/fi/wyvjgxyohqafhfem39sak/setumei.pptx?rlkey=ookiooizhr5oppf1mcoodl27l&dl=0,ok
02_PHP,_old,_old/1st,summary.pptx,.pptx,/junsan-info/02_PHP/02_docs/_old/1st/summary.pptx,https://www.dropbox.com/scl/fi/e96lnnuo9mhrw59kpjenp/summary.pptx?rlkey=4km6f94r4nn0lg2fiov5cftzf&dl=0,ok
02_PHP,outcome1 Apply  PHP fundamentals,outcome1 Apply  PHP fundamentals,1_Definition of key terms.pptx,.pptx,/junsan-info/02_PHP/02_docs/outcome1 Apply  PHP fundamentals/1_Definition of key terms.pptx,https://www.dropbox.com/scl/fi/by3qhd0mvqf0plyuymhm0/1_Definition-of-key-terms.pptx?rlkey=wt5pm1d2u1k0rv4ug5k3a3nto&dl=0,ok
02_PHP,outcome1 Apply  PHP fundamentals,outcome1 Apply  PHP fundamentals,2_Installation of XAMPP.pptx,.pptx,/junsan-info/02_PHP/02_docs/outcome1 Apply  PHP fundamentals/2_Installation of XAMPP.pptx,https://www.dropbox.com/scl/fi/3gmahip2la3fzx87sm9jy/2_Installation-of-XAMPP.pptx?rlkey=2ukni8s76d1wsobnezdyc7vwh&dl=0,ok
02_PHP,outcome1 Apply  PHP fundamentals,outcome1 Apply  PHP fundamentals,3_Application of PHP concepts.pptx,.pptx,/junsan-info/02_PHP/02_docs/outcome1 Apply  PHP fundamentals/3_Application of PHP concepts.pptx,https://www.dropbox.com/scl/fi/u8wprx659jo7r56nh1juq/3_Application-of-PHP-concepts.pptx?rlkey=bqxtj8rxh2z0k57c6pkefky6g&dl=0,ok
02_PHP,outcome1 Apply  PHP fundamentals,outcome1 Apply  PHP fundamentals,4_Application of PHP concepts  2.pptx,.pptx,/junsan-info/02_PHP/02_docs/outcome1 Apply  PHP fundamentals/4_Application of PHP concepts  2.pptx,https://www.dropbox.com/scl/fi/3kcmh7g81fisi05z53c44/4_Application-of-PHP-concepts-2.pptx?rlkey=6pevnkcjw6f9yu1wgbuo3fr0t&dl=0,ok
02_PHP,outcome1 Apply  PHP fundamentals,outcome1 Apply  PHP fundamentals,5_Function.pptx,.pptx,/junsan-info/02_PHP/02_docs/outcome1 Apply  PHP fundamentals/5_Function.pptx,https://www.dropbox.com/scl/fi/4utzsvnts013nc3m46arj/5_Function.pptx?rlkey=6i6jxxo9zng9n6tmkuypiine8&dl=0,ok
02_PHP,outcome1 Apply  PHP fundamentals,outcome1 Apply  PHP fundamentals,6_PHP file handling.pptx,.pptx,/junsan-info/02_PHP/02_docs/outcome1 Apply  PHP fundamentals/6_PHP file handling.pptx,https://www.dropbox.com/scl/fi/0g09sf5f703hlnmz237re/6_PHP-file-handling.pptx?rlkey=q8dc4l9gk1wh43uqm92f7pvmg&dl=0,ok
02_PHP,outcome1 Apply  PHP fundamentals,outcome1 Apply  PHP fundamentals,7_Form Submission.pptx,.pptx,/junsan-info/02_PHP/02_docs/outcome1 Apply  PHP fundamentals/7_Form Submission.pptx,https://www.dropbox.com/scl/fi/zpmf4ccugn870r6xdksbu/7_Form-Submission.pptx?rlkey=y9gcc2jvwzoolh1h6z469bfva&dl=0,ok
02_PHP,outcome1 Apply  PHP fundamentals,outcome1 Apply  PHP fundamentals,8_Cookies and Sessions.pptx,.pptx,/junsan-info/02_PHP/02_docs/outcome1 Apply  PHP fundamentals/8_Cookies and Sessions.pptx,https://www.dropbox.com/scl/fi/ip390uve1uojss49a3au1/8_Cookies-and-Sessions.pptx?rlkey=6pz18stcklxpnnosl95x9wd0o&dl=0,ok
02_PHP,outcome1 Apply  PHP fundamentals,outcome1 Apply  PHP fundamentals,9_Implementation of Object-oriented programming (OOP) in PHP.pptx,.pptx,/junsan-info/02_PHP/02_docs/outcome1 Apply  PHP fundamentals/9_Implementation of Object-oriented programming (OOP) in PHP.pptx,https://www.dropbox.com/scl/fi/a38wxnp9ch9tjgmvbw830/9_Implementation-of-Object-oriented-programming-OOP-in-PHP.pptx?rlkey=7o1u7fh5equo9sp6fijyi8qfc&dl=0,ok
02_PHP,outcome1 Apply  PHP fundamentals,outcome1 Apply  PHP fundamentals,MiniProject.pptx,.pptx,/junsan-info/02_PHP/02_docs/outcome1 Apply  PHP fundamentals/MiniProject.pptx,https://www.dropbox.com/scl/fi/kz9m3lrpd8ab0thlg25wc/MiniProject.pptx?rlkey=8jkt7srsei8vpgibvnc7gl8iu&dl=0,ok
02_PHP,outcome2 Connect PHP to the database,outcome2 Connect PHP to the database,1_Use of MySQL.pptx,.pptx,/junsan-info/02_PHP/02_docs/outcome2 Connect PHP to the database/1_Use of MySQL.pptx,https://www.dropbox.com/scl/fi/fmpmj67mq18q27qvod02j/1_Use-of-MySQL.pptx?rlkey=j1tla4ibtzbc9pc1kixeaztfz&dl=0,ok
02_PHP,outcome2 Connect PHP to the database,outcome2 Connect PHP to the database,2_Application of Database Connection drives.pptx,.pptx,/junsan-info/02_PHP/02_docs/outcome2 Connect PHP to the database/2_Application of Database Connection drives.pptx,https://www.dropbox.com/scl/fi/k1zid9oad94v6w6v0f59i/2_Application-of-Database-Connection-drives.pptx?rlkey=ioeaw568ty1jw9q8awfhykvmb&dl=0,ok
02_PHP,outcome2 Connect PHP to the database,outcome2 Connect PHP to the database,2.1_Import and Export Data.pptx,.pptx,/junsan-info/02_PHP/02_docs/outcome2 Connect PHP to the database/2.1_Import and Export Data.pptx,https://www.dropbox.com/scl/fi/02izc03t8j2yxklfmnl00/2.1_Import-and-Export-Data.pptx?rlkey=cxkrfrqv7d0lffdwujyq8u43h&dl=0,ok
02_PHP,outcome2 Connect PHP to the database,outcome2 Connect PHP to the database,2.2_Database CRUD Operations .pptx,.pptx,/junsan-info/02_PHP/02_docs/outcome2 Connect PHP to the database/2.2_Database CRUD Operations .pptx,https://www.dropbox.com/scl/fi/85pkqoys5cojfxk567rc1/2.2_Database-CRUD-Operations.pptx?rlkey=c3tmldbtdy69gfy2rvi07ut0y&dl=0,ok
02_PHP,outcome2 Connect PHP to the database,outcome2 Connect PHP to the database,3_ Application of PHP Basic Security Concepts.pptx,.pptx,/junsan-info/02_PHP/02_docs/outcome2 Connect PHP to the database/3_ Application of PHP Basic Security Concepts.pptx,https://www.dropbox.com/scl/fi/01k3bt5wn07zy147d65z7/3_-Application-of-PHP-Basic-Security-Concepts.pptx?rlkey=1gtsqgqo6ri91gpvu2mnotdy0&dl=0,ok
02_PHP,outcome2 Connect PHP to the database,outcome2 Connect PHP to the database,4_ Errors and Exceptions in PHP.pptx,.pptx,/junsan-info/02_PHP/02_docs/outcome2 Connect PHP to the database/4_ Errors and Exceptions in PHP.pptx,https://www.dropbox.com/scl/fi/440yz1s4ak9t8d5eijtw5/4_-Errors-and-Exceptions-in-PHP.pptx?rlkey=nzst2ymh9s2v4pxcq17mqakie&dl=0,ok
02_PHP,outcome2 Connect PHP to the database,outcome2 Connect PHP to the database,5_Implementation of User Authentication - Copy.pptx,.pptx,/junsan-info/02_PHP/02_docs/outcome2 Connect PHP to the database/5_Implementation of User Authentication - Copy.pptx,https://www.dropbox.com/scl/fi/1qoe9p2odbgpjyzaaaya7/5_Implementation-of-User-Authentication-Copy.pptx?rlkey=00728ex0ei357ct0d9nkhf76z&dl=0,ok
02_PHP,outcome2 Connect PHP to the database,outcome2 Connect PHP to the database,5_Implementation of User Authentication.pptx,.pptx,/junsan-info/02_PHP/02_docs/outcome2 Connect PHP to the database/5_Implementation of User Authentication.pptx,https://www.dropbox.com/scl/fi/u0gh28mt8ynnkcxuakqn4/5_Implementation-of-User-Authentication.pptx?rlkey=bqaa4v8si5qp79dt8u5elecnr&dl=0,ok
02_PHP,outcome3 Build a CMS using PHP,outcome3 Build a CMS using PHP,1_CMS Introduction.pptx,.pptx,/junsan-info/02_PHP/02_docs/outcome3 Build a CMS using PHP/1_CMS Introduction.pptx,https://www.dropbox.com/scl/fi/w3nq15dkaqjz5gwy7urwv/1_CMS-Introduction.pptx?rlkey=u10xomz3z1grquowmfk7nl3up&dl=0,ok
02_PHP,outcome3 Build a CMS using PHP,outcome3 Build a CMS using PHP/_old,1_Preparation of Content Management System (CMS) - Copy - Copy.pptx,.pptx,/junsan-info/02_PHP/02_docs/outcome3 Build a CMS using PHP/_old/1_Preparation of Content Management System (CMS) - Copy - Copy.pptx,https://www.dropbox.com/scl/fi/y4q5wwtctz4u9vepptxnl/1_Preparation-of-Content-Management-System-CMS-Copy-Copy.pptx?rlkey=uim7muv3hafl0zsd7yxapo736&dl=0,ok
02_PHP,outcome3 Build a CMS using PHP,outcome3 Build a CMS using PHP/_old,1_Preparation of Content Management System (CMS) - Copy.pptx,.pptx,/junsan-info/02_PHP/02_docs/outcome3 Build a CMS using PHP/_old/1_Preparation of Content Management System (CMS) - Copy.pptx,https://www.dropbox.com/scl/fi/xfa2n9u8bqlsiquhvqk9f/1_Preparation-of-Content-Management-System-CMS-Copy.pptx?rlkey=ef07mr6m6usr1tk2szh3owd4g&dl=0,ok
02_PHP,outcome3 Build a CMS using PHP,outcome3 Build a CMS using PHP,2_Installing WordPress.pptx,.pptx,/junsan-info/02_PHP/02_docs/outcome3 Build a CMS using PHP/2_Installing WordPress.pptx,https://www.dropbox.com/scl/fi/3e9t0zycvqg6cc3o7ehdj/2_Installing-WordPress.pptx?rlkey=6v52cppyniq75madckd99hepo&dl=0,ok
02_PHP,outcome3 Build a CMS using PHP,outcome3 Build a CMS using PHP,3_Themes & Plugins.pptx,.pptx,/junsan-info/02_PHP/02_docs/outcome3 Build a CMS using PHP/3_Themes & Plugins.pptx,https://www.dropbox.com/scl/fi/l8etcp3ltl6dw746mjr9v/3_Themes-Plugins.pptx?rlkey=91peyuhozngdnolhmq1duawkq&dl=0,ok
02_PHP,outcome3 Build a CMS using PHP,outcome3 Build a CMS using PHP,4_Database&Maintainance.pptx,.pptx,/junsan-info/02_PHP/02_docs/outcome3 Build a CMS using PHP/4_Database&Maintainance.pptx,https://www.dropbox.com/scl/fi/loy3fi7cmqkx6iqzrxtl4/4_Database-Maintainance.pptx?rlkey=q1f7407jh0ywocvmkz2fovnin&dl=0,ok
02_PHP,outcome4 Build a web app using MVC Framework,outcome4 Build a web app using MVC Framework/1_Laravel Setup & Structure,1_Introduction to Laravel.pptx,.pptx,/junsan-info/02_PHP/02_docs/outcome4 Build a web app using MVC Framework/1_Laravel Setup & Structure/1_Introduction to Laravel.pptx,https://www.dropbox.com/scl/fi/3j5pxzcry9c5k59wc4fey/1_Introduction-to-Laravel.pptx?rlkey=lyo7h14i9oaxdaw1m68ih972s&dl=0,ok
02_PHP,outcome4 Build a web app using MVC Framework,outcome4 Build a web app using MVC Framework/1_Laravel Setup & Structure,2_Laravel Basics.pptx,.pptx,/junsan-info/02_PHP/02_docs/outcome4 Build a web app using MVC Framework/1_Laravel Setup & Structure/2_Laravel Basics.pptx,https://www.dropbox.com/scl/fi/hhaefxfebjunbrhnxz4wx/2_Laravel-Basics.pptx?rlkey=jds1jfoxzhs08jql8x64dlkgt&dl=0,ok
02_PHP,outcome4 Build a web app using MVC Framework,"outcome4 Build a web app using MVC Framework/2_Routing, Controllers & Views",3_MVC.pptx,.pptx,"/junsan-info/02_PHP/02_docs/outcome4 Build a web app using MVC Framework/2_Routing, Controllers & Views/3_MVC.pptx",https://www.dropbox.com/scl/fi/nz970ta1uifvieqt7onog/3_MVC.pptx?rlkey=lhxdytdjr0rsogx2zvihwblvl&dl=0,ok
02_PHP,outcome4 Build a web app using MVC Framework,"outcome4 Build a web app using MVC Framework/2_Routing, Controllers & Views",4_Routing.pptx,.pptx,"/junsan-info/02_PHP/02_docs/outcome4 Build a web app using MVC Framework/2_Routing, Controllers & Views/4_Routing.pptx",https://www.dropbox.com/scl/fi/g4vnreixflubg6ekx57n1/4_Routing.pptx?rlkey=fyjjgsb4az6fdzluqeibifpe7&dl=0,ok
02_PHP,outcome4 Build a web app using MVC Framework,"outcome4 Build a web app using MVC Framework/2_Routing, Controllers & Views",5_Views.pptx,.pptx,"/junsan-info/02_PHP/02_docs/outcome4 Build a web app using MVC Framework/2_Routing, Controllers & Views/5_Views.pptx",https://www.dropbox.com/scl/fi/bjdywi6kmpo5ibtbl162s/5_Views.pptx?rlkey=p2t8plnnfkkkj18u1erlt5aa1&dl=0,ok
02_PHP,outcome4 Build a web app using MVC Framework,"outcome4 Build a web app using MVC Framework/2_Routing, Controllers & Views",6_Controllers.pptx,.pptx,"/junsan-info/02_PHP/02_docs/outcome4 Build a web app using MVC Framework/2_Routing, Controllers & Views/6_Controllers.pptx",https://www.dropbox.com/scl/fi/zepe6aplebtlsv1u549xz/6_Controllers.pptx?rlkey=akckefubh6cvrklpktdr9ipxh&dl=0,ok
02_PHP,outcome4 Build a web app using MVC Framework,"outcome4 Build a web app using MVC Framework/2_Routing, Controllers & Views",7_Models.pptx,.pptx,"/junsan-info/02_PHP/02_docs/outcome4 Build a web app using MVC Framework/2_Routing, Controllers & Views/7_Models.pptx",https://www.dropbox.com/scl/fi/328o3xo1a0jw5clb22v65/7_Models.pptx?rlkey=abetu7v9lyuug5f0ub3kslkjh&dl=0,ok
02_PHP,outcome4 Build a web app using MVC Framework,outcome4 Build a web app using MVC Framework/3_Database & Eloquent ORM,8_Migraions.pptx,.pptx,/junsan-info/02_PHP/02_docs/outcome4 Build a web app using MVC Framework/3_Database & Eloquent ORM/8_Migraions.pptx,https://www.dropbox.com/scl/fi/btgvz1y5bgw48bhobnpd8/8_Migraions.pptx?rlkey=ikoc9l2zt58lmr5a04evsk0d0&dl=0,ok
02_PHP,outcome4 Build a web app using MVC Framework,outcome4 Build a web app using MVC Framework/3_Database & Eloquent ORM,9_Eloquent ORM.pptx,.pptx,/junsan-info/02_PHP/02_docs/outcome4 Build a web app using MVC Framework/3_Database & Eloquent ORM/9_Eloquent ORM.pptx,https://www.dropbox.com/scl/fi/4x47nejvwcfs7osek172t/9_Eloquent-ORM.pptx?rlkey=dhtel8pn52lk5tq0364pl8mc3&dl=0,ok
02_PHP,outcome4 Build a web app using MVC Framework,"outcome4 Build a web app using MVC Framework/4_Forms, Validation & CRUD",10_Forms & Requests.pptx,.pptx,"/junsan-info/02_PHP/02_docs/outcome4 Build a web app using MVC Framework/4_Forms, Validation & CRUD/10_Forms & Requests.pptx",https://www.dropbox.com/scl/fi/sowp3zv0k6inaoki54bph/10_Forms-Requests.pptx?rlkey=vlqxe5uafly825glfjm8kvc6q&dl=0,ok
02_PHP,outcome4 Build a web app using MVC Framework,"outcome4 Build a web app using MVC Framework/4_Forms, Validation & CRUD",11_Validation.pptx,.pptx,"/junsan-info/02_PHP/02_docs/outcome4 Build a web app using MVC Framework/4_Forms, Validation & CRUD/11_Validation.pptx",https://www.dropbox.com/scl/fi/4529qautysjg35tdofkic/11_Validation.pptx?rlkey=x609h744wtbo4hlhu1oyknm0u&dl=0,ok
02_PHP,outcome4 Build a web app using MVC Framework,"outcome4 Build a web app using MVC Framework/4_Forms, Validation & CRUD",12_Full CRUD Operations.pptx,.pptx,"/junsan-info/02_PHP/02_docs/outcome4 Build a web app using MVC Framework/4_Forms, Validation & CRUD/12_Full CRUD Operations.pptx",https://www.dropbox.com/scl/fi/xw268u9dlrot54uvi5bmu/12_Full-CRUD-Operations.pptx?rlkey=azg8etdsi26wg7u024nsk7c02&dl=0,ok
02_PHP,outcome4 Build a web app using MVC Framework,outcome4 Build a web app using MVC Framework/5_Authentication & Authorization,13_Authentication.pptx,.pptx,/junsan-info/02_PHP/02_docs/outcome4 Build a web app using MVC Framework/5_Authentication & Authorization/13_Authentication.pptx,https://www.dropbox.com/scl/fi/53wt76k3irvu8v2dtgujc/13_Authentication.pptx?rlkey=suoz38lno42jd9nbigqaz0rvw&dl=0,ok
02_PHP,outcome4 Build a web app using MVC Framework,"outcome4 Build a web app using MVC Framework/4_Forms, Validation & CRUD",14_Authorization [Auto-saved].pptx,.pptx,"/junsan-info/02_PHP/02_docs/outcome4 Build a web app using MVC Framework/4_Forms, Validation & CRUD/14_Authorization [Auto-saved].pptx",https://www.dropbox.com/scl/fi/i73yrvul09b6goripn9fe/14_Authorization-Auto-saved.pptx?rlkey=6imqhg7s20ed64h3u4kjx3acm&dl=0,ok
02_PHP,outcome4 Build a web app using MVC Framework,outcome4 Build a web app using MVC Framework/5_Authentication & Authorization,14_Authorization.pptx,.pptx,/junsan-info/02_PHP/02_docs/outcome4 Build a web app using MVC Framework/5_Authentication & Authorization/14_Authorization.pptx,https://www.dropbox.com/scl/fi/0z404mehv1eyqm2xov2os/14_Authorization.pptx?rlkey=0igm3eoo5wveoj8bbdgznn039&dl=0,ok
02_PHP,outcome4 Build a web app using MVC Framework,outcome4 Build a web app using MVC Framework,App.pptx,.pptx,/junsan-info/02_PHP/02_docs/outcome4 Build a web app using MVC Framework/App.pptx,https://www.dropbox.com/scl/fi/czhbp6uixjfoj0i23myft/App.pptx?rlkey=ic6h0ohg718rsu6s9k106z0ey&dl=0,ok
02_PHP,outcome4 Build a web app using MVC Framework,outcome4 Build a web app using MVC Framework,Culture.pptx,.pptx,/junsan-info/02_PHP/02_docs/outcome4 Build a web app using MVC Framework/Culture.pptx,https://www.dropbox.com/scl/fi/dl6z3pci4c1lta0amopra/Culture.pptx?rlkey=69m6ytg5777mhqq6gigl8l91m&dl=0,ok
02_PHP,outcome4 Build a web app using MVC Framework,outcome4 Build a web app using MVC Framework,ToApp.pptx,.pptx,/junsan-info/02_PHP/02_docs/outcome4 Build a web app using MVC Framework/ToApp.pptx,https://www.dropbox.com/scl/fi/wwuorme2crn4k37qa2le5/ToApp.pptx?rlkey=lvyc6108jx2yumfx649fkjift&dl=0,ok
03_React,_old,_old/2nd,0_setup.pptx,.pptx,/junsan-info/03_React/02_docs/_old/2nd/0_setup.pptx,https://www.dropbox.com/scl/fi/0sx0bu67109eco30zreuh/0_setup.pptx?rlkey=spbx7e9n4yk605v9hx9px7fsf&dl=0,ok
03_React,_old,_old,00_template - Copy.pptx,.pptx,/junsan-info/03_React/02_docs/_old/00_template - Copy.pptx,https://www.dropbox.com/scl/fi/nj16r9xoj1qujjphixzni/00_template-Copy.pptx?rlkey=u2hkjp24jy5u0prluurxkge09&dl=0,ok
03_React,_old,_old,00_template.pptx,.pptx,/junsan-info/03_React/02_docs/_old/00_template.pptx,https://www.dropbox.com/scl/fi/g22lc5ay14v0m2my63hh0/00_template.pptx?rlkey=jwokpk437q3ss4fz08h8hm30d&dl=0,ok
03_React,_old,_old,0.What is Next.js.pptx,.pptx,/junsan-info/03_React/02_docs/_old/0.What is Next.js.pptx,https://www.dropbox.com/scl/fi/de4gcga57zfzb72nabysk/0.What-is-Next.js.pptx?rlkey=7yvdqfrlenluiqgwsjpr3dvya&dl=0,ok
03_React,_old,_old/2nd,1_Installing.pptx,.pptx,/junsan-info/03_React/02_docs/_old/2nd/1_Installing.pptx,https://www.dropbox.com/scl/fi/ibj9yods4swr4vs0byzcl/1_Installing.pptx?rlkey=ummkk1z8nfmaefq8gmj7rsopj&dl=0,ok
03_React,_old,_old/1st,01_stracture.pptx,.pptx,/junsan-info/03_React/02_docs/_old/1st/01_stracture.pptx,https://www.dropbox.com/scl/fi/iq1dm0x73xtyp6ra3e50m/01_stracture.pptx?rlkey=af8q3f9vxta5c5ukrf4v0e9k9&dl=0,ok
03_React,_old,_old/2nd,2_Styling.pptx,.pptx,/junsan-info/03_React/02_docs/_old/2nd/2_Styling.pptx,https://www.dropbox.com/scl/fi/qznvu3q0vv2lopnj6fcef/2_Styling.pptx?rlkey=v2ta3x8i2qdh0cq18wqc1ac0j&dl=0,ok
03_React,_old,_old/2nd,3_Optimizing Fonts and Images.pptx,.pptx,/junsan-info/03_React/02_docs/_old/2nd/3_Optimizing Fonts and Images.pptx,https://www.dropbox.com/scl/fi/8ywj5kn5uxiayt8j6mk6o/3_Optimizing-Fonts-and-Images.pptx?rlkey=w7s2zo0vrkx128z6objjoui1q&dl=0,ok
03_React,_old,_old/2nd,4_Creating Layouts and Pages.pptx,.pptx,/junsan-info/03_React/02_docs/_old/2nd/4_Creating Layouts and Pages.pptx,https://www.dropbox.com/scl/fi/nyqhon8u4213hi4edvy6g/4_Creating-Layouts-and-Pages.pptx?rlkey=7ga9izho7o63zxpb9ic5d5dcv&dl=0,ok
03_React,_old,_old/2nd,5_Navigating Between Pages.pptx,.pptx,/junsan-info/03_React/02_docs/_old/2nd/5_Navigating Between Pages.pptx,https://www.dropbox.com/scl/fi/c044cx2xf4qmgsexlva8n/5_Navigating-Between-Pages.pptx?rlkey=gb6txan9gknjwd827ng3wglfm&dl=0,ok
03_React,_old,_old/2nd,6_Setting Up Your Database.pptx,.pptx,/junsan-info/03_React/02_docs/_old/2nd/6_Setting Up Your Database.pptx,https://www.dropbox.com/scl/fi/v1nln9jj7ge8arab8wdsv/6_Setting-Up-Your-Database.pptx?rlkey=2lgdxvmivw2xifcklim8mf5v6&dl=0,ok
03_React,_old,_old/2nd,8_Static and Dynamic Rendering.pptx,.pptx,/junsan-info/03_React/02_docs/_old/2nd/8_Static and Dynamic Rendering.pptx,https://www.dropbox.com/scl/fi/mmby2k3bt6hazdvv43vme/8_Static-and-Dynamic-Rendering.pptx?rlkey=t35tk575nwjyfmfvtwpmt64ym&dl=0,ok
03_React,_old,_old/2nd,9_Streaming.pptx,.pptx,/junsan-info/03_React/02_docs/_old/2nd/9_Streaming.pptx,https://www.dropbox.com/scl/fi/e8bpx0ntznebnk9s1761h/9_Streaming.pptx?rlkey=2ifa8bahl6w4pujcl8pk9wrt3&dl=0,ok
03_React,_old,_old/2nd,10_Partial Prerendering.pptx,.pptx,/junsan-info/03_React/02_docs/_old/2nd/10_Partial Prerendering.pptx,https://www.dropbox.com/scl/fi/179u9iahgkt38ov1x6okm/10_Partial-Prerendering.pptx?rlkey=4m73ry2j0vqoepbcdrjn28rzl&dl=0,ok
03_React,_old,_old/2nd,11_1_Adding Search.pptx,.pptx,/junsan-info/03_React/02_docs/_old/2nd/11_1_Adding Search.pptx,https://www.dropbox.com/scl/fi/6phz4qvktnpu0ovy6r909/11_1_Adding-Search.pptx?rlkey=l0a54dv94gd6i307yt2arjp49&dl=0,ok
03_React,_old,_old/2nd,11_2_Pagenation.pptx,.pptx,/junsan-info/03_React/02_docs/_old/2nd/11_2_Pagenation.pptx,https://www.dropbox.com/scl/fi/hy5my8dfonhu3o4h1yh6k/11_2_Pagenation.pptx?rlkey=9vnbgqmh87u08yngu891hk2jq&dl=0,ok
03_React,_old,_old/1st,241015_pass.pptx,.pptx,/junsan-info/03_React/02_docs/_old/1st/241015_pass.pptx,https://www.dropbox.com/scl/fi/y9pskkfyhavqd3hk4mh56/241015_pass.pptx?rlkey=l1nzschoqr7uuq2e68g8d0e2u&dl=0,ok
03_React,_old,_old/1st,241029_.pptx,.pptx,/junsan-info/03_React/02_docs/_old/1st/241029_.pptx,https://www.dropbox.com/scl/fi/8ubt3j4sbwkm8we70eumt/241029_.pptx?rlkey=oj7hssxgnophh5zl9aou6n0ke&dl=0,ok
03_React,_old,_old/1st,241104_useStatewithArray.pptx,.pptx,/junsan-info/03_React/02_docs/_old/1st/241104_useStatewithArray.pptx,https://www.dropbox.com/scl/fi/bijwfeucinrb66lherei3/241104_useStatewithArray.pptx?rlkey=w6zrjvj6irbus9uakkcyhkkk7&dl=0,ok
03_React,_old,_old/1st,241107_useStatewithArray02.pptx,.pptx,/junsan-info/03_React/02_docs/_old/1st/241107_useStatewithArray02.pptx,https://www.dropbox.com/scl/fi/j0emxv4b5ko8yl65uvdrw/241107_useStatewithArray02.pptx?rlkey=9geobcwat1ngb2rpvie029v3k&dl=0,ok
03_React,_old,_old/1st,241120_useContext.pptx,.pptx,/junsan-info/03_React/02_docs/_old/1st/241120_useContext.pptx,https://www.dropbox.com/scl/fi/bymfrrbylt9bfz6vefwhq/241120_useContext.pptx?rlkey=mi9nq85eefiok5ntssnv09g1e&dl=0,ok
03_React,_old,_old/1st,241120_useEffect.pptx,.pptx,/junsan-info/03_React/02_docs/_old/1st/241120_useEffect.pptx,https://www.dropbox.com/scl/fi/je0s1bmp4148278ndvpk6/241120_useEffect.pptx?rlkey=bozvd25dltgksvli5of0umc98&dl=0,ok
03_React,_old,_old/1st,culculator.png,.png,/junsan-info/03_React/02_docs/_old/1st/culculator.png,https://www.dropbox.com/scl/fi/rxz8w4ceso3bs4jcoc95h/culculator.png?rlkey=5ntejvfk8ok3d5mb4ub93p0yw&dl=0,ok
03_React,_old,_old,Quiz.pptx,.pptx,/junsan-info/03_React/02_docs/_old/Quiz.pptx,https://www.dropbox.com/scl/fi/qnhjett1te0fr2j3xottl/Quiz.pptx?rlkey=nv349fjyqmsatq0wod21087zj&dl=0,ok
03_React,_old,_old/3rd,React_Summary1st.pptx,.pptx,/junsan-info/03_React/02_docs/_old/3rd/React_Summary1st.pptx,https://www.dropbox.com/scl/fi/iksbe6ecltm1i93kpyu1l/React_Summary1st.pptx?rlkey=l3cgl7a9ovxt5lxey0glu5j72&dl=0,ok
03_React,_old,_old/3rd,React_Summary2nd.pptx,.pptx,/junsan-info/03_React/02_docs/_old/3rd/React_Summary2nd.pptx,https://www.dropbox.com/scl/fi/3cgqcf216uku2dvk55w85/React_Summary2nd.pptx?rlkey=a5cl7b72bsgq6wrkq4e3mhkq9&dl=0,ok
03_React,_old,_old,react.docx,.docx,/junsan-info/03_React/02_docs/_old/react.docx,https://www.dropbox.com/scl/fi/ccbec72vpxyii86ekjd57/react.docx?rlkey=vhrxm8tjc7m0wiu1trzsyb9va&dl=0,ok
03_React,_old,_old/1st,Sumup.pptx,.pptx,/junsan-info/03_React/02_docs/_old/1st/Sumup.pptx,https://www.dropbox.com/scl/fi/xstuza3g208rqz7o8kke7/Sumup.pptx?rlkey=yz1gmy8n1x9b0rcee6ho871qm&dl=0,ok
03_React,_old,_old/1st,SumupReact.pdf,.pdf,/junsan-info/03_React/02_docs/_old/1st/SumupReact.pdf,https://www.dropbox.com/scl/fi/m57itomwet2v2cspt8abh/SumupReact.pdf?rlkey=0wehdhulntgalqlgdhss99gcw&dl=0,ok
03_React,(02_docs直下),.,2_Using Arrays in JavaScript.pptx,.pptx,/junsan-info/03_React/02_docs/2_Using Arrays in JavaScript.pptx,https://www.dropbox.com/scl/fi/yp9uaqv6fa410fqdbeugg/2_Using-Arrays-in-JavaScript.pptx?rlkey=pcyav059aoob59pgrkx028bcn&dl=0,ok
03_React,(02_docs直下),.,ex.pptx,.pptx,/junsan-info/03_React/02_docs/ex.pptx,https://www.dropbox.com/scl/fi/xdfmddxxgaweq2xcau7w8/ex.pptx?rlkey=kg0nvaw1zqalzij4bzm2pbkrf&dl=0,ok
03_React,outcome1 Develop React.js application,outcome1 Develop React.js application,_React EventHandling.pptx,.pptx,/junsan-info/03_React/02_docs/outcome1 Develop React.js application/_React EventHandling.pptx,https://www.dropbox.com/scl/fi/uiyqhadjejxks8096a1u5/_React-EventHandling.pptx?rlkey=6sg78owd6don85ofqa8nwvt06&dl=0,ok
03_React,outcome1 Develop React.js application,outcome1 Develop React.js application,1_React Introduction.pptx,.pptx,/junsan-info/03_React/02_docs/outcome1 Develop React.js application/1_React Introduction.pptx,https://www.dropbox.com/scl/fi/jbsm160nghin0yrazrwyn/1_React-Introduction.pptx?rlkey=av49emex6hdh22o5npnmy6thj&dl=0,ok
03_React,outcome1 Develop React.js application,outcome1 Develop React.js application,2_First React App.pptx,.pptx,/junsan-info/03_React/02_docs/outcome1 Develop React.js application/2_First React App.pptx,https://www.dropbox.com/scl/fi/u9ylo7q4pv1umhl9atmhv/2_First-React-App.pptx?rlkey=1tmsb7xdcuh60h7pqntk1uxpi&dl=0,ok
03_React,outcome1 Develop React.js application,outcome1 Develop React.js application,3_Rendering.pptx,.pptx,/junsan-info/03_React/02_docs/outcome1 Develop React.js application/3_Rendering.pptx,https://www.dropbox.com/scl/fi/i8bzm4xvmcms42976g5yv/3_Rendering.pptx?rlkey=8nc4vv2gwqypwa2sswi0htuyn&dl=0,ok
03_React,outcome1 Develop React.js application,outcome1 Develop React.js application,4_JSX_Attributes.pptx,.pptx,/junsan-info/03_React/02_docs/outcome1 Develop React.js application/4_JSX_Attributes.pptx,https://www.dropbox.com/scl/fi/ra2myrqsme3rs9151u64x/4_JSX_Attributes.pptx?rlkey=jknasysw93lqkfc3657st885l&dl=0,ok
03_React,outcome1 Develop React.js application,outcome1 Develop React.js application,4_JSX.pptx,.pptx,/junsan-info/03_React/02_docs/outcome1 Develop React.js application/4_JSX.pptx,https://www.dropbox.com/scl/fi/er2vktdd2m322bq67jrme/4_JSX.pptx?rlkey=00ptterzlfho5j4juoklwkm1g&dl=0,ok
03_React,outcome1 Develop React.js application,outcome1 Develop React.js application,5_JSX_If Statements.pptx,.pptx,/junsan-info/03_React/02_docs/outcome1 Develop React.js application/5_JSX_If Statements.pptx,https://www.dropbox.com/scl/fi/t503rflvxrro2o5k4ymea/5_JSX_If-Statements.pptx?rlkey=z9ok6xiggbx2jo9zrm2xlrafw&dl=0,ok
03_React,outcome1 Develop React.js application,outcome1 Develop React.js application,6_React Components.pptx,.pptx,/junsan-info/03_React/02_docs/outcome1 Develop React.js application/6_React Components.pptx,https://www.dropbox.com/scl/fi/sgbfppr88b0b87jmjl777/6_React-Components.pptx?rlkey=vegwd5v619tqrlovmydwk5zop&dl=0,ok
03_React,outcome1 Develop React.js application,outcome1 Develop React.js application,7_Exercises.pptx,.pptx,/junsan-info/03_React/02_docs/outcome1 Develop React.js application/7_Exercises.pptx,https://www.dropbox.com/scl/fi/gugv7vb9bmeclyjd1q59p/7_Exercises.pptx?rlkey=vkijot0igyo9xkmyjzntv21jk&dl=0,ok
03_React,outcome1 Develop React.js application,outcome1 Develop React.js application,8_React Router.pptx,.pptx,/junsan-info/03_React/02_docs/outcome1 Develop React.js application/8_React Router.pptx,https://www.dropbox.com/scl/fi/kqso3vzxoxf7ffhps2mye/8_React-Router.pptx?rlkey=frmjbk5vf2mea5tm6jq16bany&dl=0,ok
03_React,outcome1 Develop React.js application,outcome1 Develop React.js application,9_React Props.pptx,.pptx,/junsan-info/03_React/02_docs/outcome1 Develop React.js application/9_React Props.pptx,https://www.dropbox.com/scl/fi/ev1224pk91f6a1a7jv3oq/9_React-Props.pptx?rlkey=tb3towvkulcrn0rhd1ghh1nsj&dl=0,ok
03_React,outcome1 Develop React.js application,outcome1 Develop React.js application,10_React Hooks.pptx,.pptx,/junsan-info/03_React/02_docs/outcome1 Develop React.js application/10_React Hooks.pptx,https://www.dropbox.com/scl/fi/8oldfwlksnmfuqmo0g1z2/10_React-Hooks.pptx?rlkey=1z0ykos89g3aqblbq524gremh&dl=0,ok
03_React,outcome1 Develop React.js application,outcome1 Develop React.js application,11_React useState.pptx,.pptx,/junsan-info/03_React/02_docs/outcome1 Develop React.js application/11_React useState.pptx,https://www.dropbox.com/scl/fi/5goanq94jri81uyqlkz78/11_React-useState.pptx?rlkey=lfqyio8h72d9h0kyjflzx2and&dl=0,ok
03_React,outcome1 Develop React.js application,outcome1 Develop React.js application,12_React useEffect.pptx,.pptx,/junsan-info/03_React/02_docs/outcome1 Develop React.js application/12_React useEffect.pptx,https://www.dropbox.com/scl/fi/hx87ovpimenf36yygc078/12_React-useEffect.pptx?rlkey=upgabqo6cg5ttodmgx90kllr9&dl=0,ok
03_React,outcome1 Develop React.js application,outcome1 Develop React.js application,13_React useContext Hook.pptx,.pptx,/junsan-info/03_React/02_docs/outcome1 Develop React.js application/13_React useContext Hook.pptx,https://www.dropbox.com/scl/fi/we0izbf0pnvlp2blz0p5b/13_React-useContext-Hook.pptx?rlkey=q1pgir7wiwhuunh85vjx6tuve&dl=0,ok
03_React,outcome1 Develop React.js application,outcome1 Develop React.js application,14_React useRef Hook.pptx,.pptx,/junsan-info/03_React/02_docs/outcome1 Develop React.js application/14_React useRef Hook.pptx,https://www.dropbox.com/scl/fi/xnr2azuomo33f3uq8qyee/14_React-useRef-Hook.pptx?rlkey=vi6d0kh1rq7iiwzn9enkhexre&dl=0,ok
03_React,outcome1 Develop React.js application,outcome1 Develop React.js application,15_React Event.pptx,.pptx,/junsan-info/03_React/02_docs/outcome1 Develop React.js application/15_React Event.pptx,https://www.dropbox.com/scl/fi/ooy8ysb3jokon0k02jksr/15_React-Event.pptx?rlkey=koxloxmltsxlynighq4bglqom&dl=0,ok
03_React,outcome1 Develop React.js application,outcome1 Develop React.js application,16_React Form.pptx,.pptx,/junsan-info/03_React/02_docs/outcome1 Develop React.js application/16_React Form.pptx,https://www.dropbox.com/scl/fi/yf6vtmcrd3kg8hjk4mm1h/16_React-Form.pptx?rlkey=pj86l7qbptca6xtxu1c9rgccw&dl=0,ok
03_React,outcome1 Develop React.js application,outcome1 Develop React.js application,17_miniProjects.pptx,.pptx,/junsan-info/03_React/02_docs/outcome1 Develop React.js application/17_miniProjects.pptx,https://www.dropbox.com/scl/fi/c6s6i0pwky6xsffubk71p/17_miniProjects.pptx?rlkey=gazmvoc0qwbdhvjgqih07wlf4&dl=0,ok
03_React,outcome2 Apply Tailwind CSS framework,outcome2 Apply Tailwind CSS framework,1_Applying Tailwind utility classes.pptx,.pptx,/junsan-info/03_React/02_docs/outcome2 Apply Tailwind CSS framework/1_Applying Tailwind utility classes.pptx,https://www.dropbox.com/scl/fi/zf06cvyqokc2010flij6b/1_Applying-Tailwind-utility-classes.pptx?rlkey=tok5azln304fm729112sohad8&dl=0,ok
03_React,outcome3 Develop Next.JS Application,outcome3 Develop Next.JS Application,1_TypeScript Introduction.pptx,.pptx,/junsan-info/03_React/02_docs/outcome3 Develop Next.JS Application/1_TypeScript Introduction.pptx,https://www.dropbox.com/scl/fi/jr56nm4ryob3jzklji9xv/1_TypeScript-Introduction.pptx?rlkey=a2p1i3pqpb87amv0sscdea2s6&dl=0,ok
03_React,outcome3 Develop Next.JS Application,outcome3 Develop Next.JS Application,2_TypeScript Exercise.pptx,.pptx,/junsan-info/03_React/02_docs/outcome3 Develop Next.JS Application/2_TypeScript Exercise.pptx,https://www.dropbox.com/scl/fi/zxkv0dcrn88zr7xfc1751/2_TypeScript-Exercise.pptx?rlkey=37ss1ie4ro2gblcr9qjd0xr2f&dl=0,ok
03_React,outcome3 Develop Next.JS Application,outcome3 Develop Next.JS Application,3_Introduction to Nextjs.pptx,.pptx,/junsan-info/03_React/02_docs/outcome3 Develop Next.JS Application/3_Introduction to Nextjs.pptx,https://www.dropbox.com/scl/fi/y8koibaiud2t3ici9x309/3_Introduction-to-Nextjs.pptx?rlkey=reyydfigmffacov43uvnr64ay&dl=0,ok
03_React,outcome3 Develop Next.JS Application,outcome3 Develop Next.JS Application,3.1_Types of Rendering.pptx,.pptx,/junsan-info/03_React/02_docs/outcome3 Develop Next.JS Application/3.1_Types of Rendering.pptx,https://www.dropbox.com/scl/fi/a4l6toqv04b4rqk5hj9d4/3.1_Types-of-Rendering.pptx?rlkey=ijvzftwd9dvuukcm5howcgvqw&dl=0,ok
03_React,outcome3 Develop Next.JS Application,outcome3 Develop Next.JS Application,4_Page & Routing.pptx,.pptx,/junsan-info/03_React/02_docs/outcome3 Develop Next.JS Application/4_Page & Routing.pptx,https://www.dropbox.com/scl/fi/11g47kqkj8butavuz8ceg/4_Page-Routing.pptx?rlkey=n8j7ywu6364hux268tzavxi8u&dl=0,ok
03_React,outcome3 Develop Next.JS Application,outcome3 Develop Next.JS Application,5_Link.pptx,.pptx,/junsan-info/03_React/02_docs/outcome3 Develop Next.JS Application/5_Link.pptx,https://www.dropbox.com/scl/fi/ywmzanjua33tlfvdzpeq6/5_Link.pptx?rlkey=4u7z60242s0xpfz12uuz5z5az&dl=0,ok
03_React,outcome3 Develop Next.JS Application,outcome3 Develop Next.JS Application,6_Client vs Server Components.pptx,.pptx,/junsan-info/03_React/02_docs/outcome3 Develop Next.JS Application/6_Client vs Server Components.pptx,https://www.dropbox.com/scl/fi/1mmq2xksgbicvuvcylhox/6_Client-vs-Server-Components.pptx?rlkey=n74s5bnvr83f7tntbj682bkzu&dl=0,ok
03_React,outcome3 Develop Next.JS Application,outcome3 Develop Next.JS Application,7_useState & Events (in Next.js).pptx,.pptx,/junsan-info/03_React/02_docs/outcome3 Develop Next.JS Application/7_useState & Events (in Next.js).pptx,https://www.dropbox.com/scl/fi/fvbw6l5oq179phki5lrn4/7_useState-Events-in-Next.js.pptx?rlkey=8bba0hhnvktn045mq5tg4gc21&dl=0,ok
03_React,outcome3 Develop Next.JS Application,outcome3 Develop Next.JS Application,8_Loading & Error UI.pptx,.pptx,/junsan-info/03_React/02_docs/outcome3 Develop Next.JS Application/8_Loading & Error UI.pptx,https://www.dropbox.com/scl/fi/kndmryl8gtpi5r3mav122/8_Loading-Error-UI.pptx?rlkey=8trjh1gyp1v42zxg0646irty2&dl=0,ok
03_React,outcome3 Develop Next.JS Application,outcome3 Develop Next.JS Application,9_Fetching Data.pptx,.pptx,/junsan-info/03_React/02_docs/outcome3 Develop Next.JS Application/9_Fetching Data.pptx,https://www.dropbox.com/scl/fi/1mh5pg8s0bg171n74ty6r/9_Fetching-Data.pptx?rlkey=cck6mfp2hfcbrkw1j2cc7c88e&dl=0,ok
03_React,outcome3 Develop Next.JS Application,outcome3 Develop Next.JS Application,typecsript.pptx,.pptx,/junsan-info/03_React/02_docs/outcome3 Develop Next.JS Application/typecsript.pptx,https://www.dropbox.com/scl/fi/u67ogl60qf30amfcq460z/typecsript.pptx?rlkey=5lblny2v20hbhtlbqx1a2qmop&dl=0,ok
